-- MySQL dump 10.13  Distrib 5.7.35, for Linux (x86_64)
--
-- Host: prolongar.c0vr0gx7sxku.us-west-2.rds.amazonaws.com    Database: prolongar
-- ------------------------------------------------------
-- Server version	8.0.23

/*!40101 SET @OLD_CHARACTER_SET_CLIENT=@@CHARACTER_SET_CLIENT */;
/*!40101 SET @OLD_CHARACTER_SET_RESULTS=@@CHARACTER_SET_RESULTS */;
/*!40101 SET @OLD_COLLATION_CONNECTION=@@COLLATION_CONNECTION */;
/*!40101 SET NAMES utf8 */;
/*!40103 SET @OLD_TIME_ZONE=@@TIME_ZONE */;
/*!40103 SET TIME_ZONE='+00:00' */;
/*!40014 SET @OLD_UNIQUE_CHECKS=@@UNIQUE_CHECKS, UNIQUE_CHECKS=0 */;
/*!40014 SET @OLD_FOREIGN_KEY_CHECKS=@@FOREIGN_KEY_CHECKS, FOREIGN_KEY_CHECKS=0 */;
/*!40101 SET @OLD_SQL_MODE=@@SQL_MODE, SQL_MODE='NO_AUTO_VALUE_ON_ZERO' */;
/*!40111 SET @OLD_SQL_NOTES=@@SQL_NOTES, SQL_NOTES=0 */;
SET @MYSQLDUMP_TEMP_LOG_BIN = @@SESSION.SQL_LOG_BIN;
SET @@SESSION.SQL_LOG_BIN= 0;

--
-- GTID state at the beginning of the backup 
--

SET @@GLOBAL.GTID_PURGED='';

--
-- Table structure for table `ar_internal_metadata`
--

DROP TABLE IF EXISTS `ar_internal_metadata`;
/*!40101 SET @saved_cs_client     = @@character_set_client */;
/*!40101 SET character_set_client = utf8 */;
CREATE TABLE `ar_internal_metadata` (
  `key` varchar(255) NOT NULL,
  `value` varchar(255) DEFAULT NULL,
  `created_at` datetime(6) NOT NULL,
  `updated_at` datetime(6) NOT NULL,
  PRIMARY KEY (`key`)
) ENGINE=InnoDB DEFAULT CHARSET=utf8mb4;
/*!40101 SET character_set_client = @saved_cs_client */;

--
-- Dumping data for table `ar_internal_metadata`
--

LOCK TABLES `ar_internal_metadata` WRITE;
/*!40000 ALTER TABLE `ar_internal_metadata` DISABLE KEYS */;
INSERT INTO `ar_internal_metadata` VALUES ('environment','development','2021-08-02 19:33:54.006724','2021-08-02 19:33:54.006724');
/*!40000 ALTER TABLE `ar_internal_metadata` ENABLE KEYS */;
UNLOCK TABLES;

--
-- Table structure for table `cities`
--

DROP TABLE IF EXISTS `cities`;
/*!40101 SET @saved_cs_client     = @@character_set_client */;
/*!40101 SET character_set_client = utf8 */;
CREATE TABLE `cities` (
  `id` bigint NOT NULL AUTO_INCREMENT,
  `city` varchar(255) DEFAULT NULL,
  `departments_id` bigint NOT NULL,
  `created_at` datetime(6) NOT NULL,
  `updated_at` datetime(6) NOT NULL,
  PRIMARY KEY (`id`),
  KEY `index_cities_on_departments_id` (`departments_id`),
  CONSTRAINT `fk_rails_31277a2a17` FOREIGN KEY (`departments_id`) REFERENCES `departments` (`id`)
) ENGINE=InnoDB AUTO_INCREMENT=1063 DEFAULT CHARSET=utf8mb4;
/*!40101 SET character_set_client = @saved_cs_client */;

--
-- Dumping data for table `cities`
--

LOCK TABLES `cities` WRITE;
/*!40000 ALTER TABLE `cities` DISABLE KEYS */;
INSERT INTO `cities` VALUES (1,'EL ENCANTO',1,'2021-08-02 19:36:22.004773','2021-08-02 19:36:22.004773'),(2,'LA CHORRERA',1,'2021-08-02 19:36:22.008617','2021-08-02 19:36:22.008617'),(3,'LA PEDRERA',1,'2021-08-02 19:36:22.011836','2021-08-02 19:36:22.011836'),(4,'LETICIA',1,'2021-08-02 19:36:22.015191','2021-08-02 19:36:22.015191'),(5,'MIRITÍ-PARANÁ',1,'2021-08-02 19:36:22.018484','2021-08-02 19:36:22.018484'),(6,'PUERTO ALEGRÍA',1,'2021-08-02 19:36:22.021670','2021-08-02 19:36:22.021670'),(7,'PUERTO ARICA',1,'2021-08-02 19:36:22.024965','2021-08-02 19:36:22.024965'),(8,'PUERTO NARIÑO',1,'2021-08-02 19:36:22.035096','2021-08-02 19:36:22.035096'),(9,'PUERTO SANTANDER',1,'2021-08-02 19:36:22.038400','2021-08-02 19:36:22.038400'),(10,'TARAPACÁ',1,'2021-08-02 19:36:22.041639','2021-08-02 19:36:22.041639'),(11,'ABEJORRAL',2,'2021-08-02 19:36:22.045047','2021-08-02 19:36:22.045047'),(12,'ABRIAQUI',2,'2021-08-02 19:36:22.048255','2021-08-02 19:36:22.048255'),(13,'ALEJANDRIA',2,'2021-08-02 19:36:22.051603','2021-08-02 19:36:22.051603'),(14,'AMAGA',2,'2021-08-02 19:36:22.055351','2021-08-02 19:36:22.055351'),(15,'AMALFI',2,'2021-08-02 19:36:22.058724','2021-08-02 19:36:22.058724'),(16,'ANDES',2,'2021-08-02 19:36:22.062061','2021-08-02 19:36:22.062061'),(17,'ANGELOPOLIS',2,'2021-08-02 19:36:22.065746','2021-08-02 19:36:22.065746'),(18,'ANGOSTURA',2,'2021-08-02 19:36:22.069440','2021-08-02 19:36:22.069440'),(19,'ANORI',2,'2021-08-02 19:36:22.072642','2021-08-02 19:36:22.072642'),(20,'ANZA',2,'2021-08-02 19:36:22.075863','2021-08-02 19:36:22.075863'),(21,'APARTADO',2,'2021-08-02 19:36:22.079108','2021-08-02 19:36:22.079108'),(22,'ARBOLETES',2,'2021-08-02 19:36:22.082491','2021-08-02 19:36:22.082491'),(23,'ARGELIA',2,'2021-08-02 19:36:22.085858','2021-08-02 19:36:22.085858'),(24,'ARMENIA',2,'2021-08-02 19:36:22.089134','2021-08-02 19:36:22.089134'),(25,'BARBOSA',2,'2021-08-02 19:36:22.092435','2021-08-02 19:36:22.092435'),(26,'BELLO',2,'2021-08-02 19:36:22.095817','2021-08-02 19:36:22.095817'),(27,'BELMIRA',2,'2021-08-02 19:36:22.098984','2021-08-02 19:36:22.098984'),(28,'BETANIA',2,'2021-08-02 19:36:22.102432','2021-08-02 19:36:22.102432'),(29,'BETULIA',2,'2021-08-02 19:36:22.117346','2021-08-02 19:36:22.117346'),(30,'BRICEÑO',2,'2021-08-02 19:36:22.121675','2021-08-02 19:36:22.121675'),(31,'BURITICA',2,'2021-08-02 19:36:22.125051','2021-08-02 19:36:22.125051'),(32,'CACERES',2,'2021-08-02 19:36:22.128177','2021-08-02 19:36:22.128177'),(33,'CAICEDO',2,'2021-08-02 19:36:22.131327','2021-08-02 19:36:22.131327'),(34,'CALDAS',2,'2021-08-02 19:36:22.134610','2021-08-02 19:36:22.134610'),(35,'CAMPAMENTO',2,'2021-08-02 19:36:22.137831','2021-08-02 19:36:22.137831'),(36,'CAÑASGORDAS',2,'2021-08-02 19:36:22.141034','2021-08-02 19:36:22.141034'),(37,'CARACOLI',2,'2021-08-02 19:36:22.144266','2021-08-02 19:36:22.144266'),(38,'CARAMANTA',2,'2021-08-02 19:36:22.147516','2021-08-02 19:36:22.147516'),(39,'CAREPA',2,'2021-08-02 19:36:22.150820','2021-08-02 19:36:22.150820'),(40,'CAROLINA',2,'2021-08-02 19:36:22.153995','2021-08-02 19:36:22.153995'),(41,'CAUCASIA',2,'2021-08-02 19:36:22.157171','2021-08-02 19:36:22.157171'),(42,'CHIGORODO',2,'2021-08-02 19:36:22.160345','2021-08-02 19:36:22.160345'),(43,'CISNEROS',2,'2021-08-02 19:36:22.163716','2021-08-02 19:36:22.163716'),(44,'CIUDAD BOLIVAR',2,'2021-08-02 19:36:22.181192','2021-08-02 19:36:22.181192'),(45,'COCORNA',2,'2021-08-02 19:36:22.184723','2021-08-02 19:36:22.184723'),(46,'CONCEPCION',2,'2021-08-02 19:36:22.188165','2021-08-02 19:36:22.188165'),(47,'COPACABANA',2,'2021-08-02 19:36:22.191492','2021-08-02 19:36:22.191492'),(48,'DABEIBA',2,'2021-08-02 19:36:22.194849','2021-08-02 19:36:22.194849'),(49,'DON MATIAS',2,'2021-08-02 19:36:22.198335','2021-08-02 19:36:22.198335'),(50,'EBEJICO',2,'2021-08-02 19:36:22.201701','2021-08-02 19:36:22.201701'),(51,'EL BAGRE',2,'2021-08-02 19:36:22.205108','2021-08-02 19:36:22.205108'),(52,'EL CARMEN DE VIBORAL',2,'2021-08-02 19:36:22.209682','2021-08-02 19:36:22.209682'),(53,'EL SANTUARIO',2,'2021-08-02 19:36:22.213165','2021-08-02 19:36:22.213165'),(54,'ENTRERRIOS',2,'2021-08-02 19:36:22.216549','2021-08-02 19:36:22.216549'),(55,'ENVIGADO',2,'2021-08-02 19:36:22.220128','2021-08-02 19:36:22.220128'),(56,'FREDONIA',2,'2021-08-02 19:36:22.223530','2021-08-02 19:36:22.223530'),(57,'FRONTINO',2,'2021-08-02 19:36:22.226939','2021-08-02 19:36:22.226939'),(58,'GIRALDO',2,'2021-08-02 19:36:22.230284','2021-08-02 19:36:22.230284'),(59,'GIRARDOTA',2,'2021-08-02 19:36:22.233629','2021-08-02 19:36:22.233629'),(60,'GOMEZ PLATA',2,'2021-08-02 19:36:22.237056','2021-08-02 19:36:22.237056'),(61,'GRANADA',2,'2021-08-02 19:36:22.240423','2021-08-02 19:36:22.240423'),(62,'GUADALUPE',2,'2021-08-02 19:36:22.243901','2021-08-02 19:36:22.243901'),(63,'GUARNE',2,'2021-08-02 19:36:22.247264','2021-08-02 19:36:22.247264'),(64,'GUATAPE',2,'2021-08-02 19:36:22.250701','2021-08-02 19:36:22.250701'),(65,'HELICONIA',2,'2021-08-02 19:36:22.254141','2021-08-02 19:36:22.254141'),(66,'HISPANIA',2,'2021-08-02 19:36:22.257627','2021-08-02 19:36:22.257627'),(67,'ITAGUI',2,'2021-08-02 19:36:22.261046','2021-08-02 19:36:22.261046'),(68,'ITUANGO',2,'2021-08-02 19:36:22.264458','2021-08-02 19:36:22.264458'),(69,'JARDIN',2,'2021-08-02 19:36:22.267871','2021-08-02 19:36:22.267871'),(70,'JERICO',2,'2021-08-02 19:36:22.271175','2021-08-02 19:36:22.271175'),(71,'LA CEJA',2,'2021-08-02 19:36:22.274523','2021-08-02 19:36:22.274523'),(72,'LA ESTRELLA',2,'2021-08-02 19:36:22.277896','2021-08-02 19:36:22.277896'),(73,'LA PINTADA',2,'2021-08-02 19:36:22.281318','2021-08-02 19:36:22.281318'),(74,'LA UNION',2,'2021-08-02 19:36:22.284646','2021-08-02 19:36:22.284646'),(75,'LIBORINA',2,'2021-08-02 19:36:22.287955','2021-08-02 19:36:22.287955'),(76,'MACEO',2,'2021-08-02 19:36:22.291216','2021-08-02 19:36:22.291216'),(77,'MARINILLA',2,'2021-08-02 19:36:22.294619','2021-08-02 19:36:22.294619'),(78,'MEDELLÍN',2,'2021-08-02 19:36:22.297962','2021-08-02 19:36:22.297962'),(79,'MONTEBELLO',2,'2021-08-02 19:36:22.301310','2021-08-02 19:36:22.301310'),(80,'MURINDO',2,'2021-08-02 19:36:22.304707','2021-08-02 19:36:22.304707'),(81,'MUTATA',2,'2021-08-02 19:36:22.307982','2021-08-02 19:36:22.307982'),(82,'NARIÑO',2,'2021-08-02 19:36:22.311351','2021-08-02 19:36:22.311351'),(83,'NECHI',2,'2021-08-02 19:36:22.314762','2021-08-02 19:36:22.314762'),(84,'NECOCLI',2,'2021-08-02 19:36:22.318021','2021-08-02 19:36:22.318021'),(85,'OLAYA',2,'2021-08-02 19:36:22.321269','2021-08-02 19:36:22.321269'),(86,'PEÑOL',2,'2021-08-02 19:36:22.324495','2021-08-02 19:36:22.324495'),(87,'PEQUE',2,'2021-08-02 19:36:22.327767','2021-08-02 19:36:22.327767'),(88,'PUEBLORRICO',2,'2021-08-02 19:36:22.330999','2021-08-02 19:36:22.330999'),(89,'PUERTO BERRIO',2,'2021-08-02 19:36:22.334279','2021-08-02 19:36:22.334279'),(90,'PUERTO NARE',2,'2021-08-02 19:36:22.337465','2021-08-02 19:36:22.337465'),(91,'PUERTO TRIUNFO',2,'2021-08-02 19:36:22.340647','2021-08-02 19:36:22.340647'),(92,'REMEDIOS',2,'2021-08-02 19:36:22.343891','2021-08-02 19:36:22.343891'),(93,'RETIRO',2,'2021-08-02 19:36:22.347117','2021-08-02 19:36:22.347117'),(94,'RIONEGRO',2,'2021-08-02 19:36:22.350441','2021-08-02 19:36:22.350441'),(95,'SABANALARGA',2,'2021-08-02 19:36:22.353721','2021-08-02 19:36:22.353721'),(96,'SABANETA',2,'2021-08-02 19:36:22.357037','2021-08-02 19:36:22.357037'),(97,'SALGAR',2,'2021-08-02 19:36:22.360256','2021-08-02 19:36:22.360256'),(98,'SAN ANDRES',2,'2021-08-02 19:36:22.363606','2021-08-02 19:36:22.363606'),(99,'SAN CARLOS',2,'2021-08-02 19:36:22.366810','2021-08-02 19:36:22.366810'),(100,'SAN FRANCISCO',2,'2021-08-02 19:36:22.370183','2021-08-02 19:36:22.370183'),(101,'SAN JERONIMO',2,'2021-08-02 19:36:22.373459','2021-08-02 19:36:22.373459'),(102,'SAN JOSE DE LA MONTAÑA',2,'2021-08-02 19:36:22.376798','2021-08-02 19:36:22.376798'),(103,'SAN JUAN DE URABA',2,'2021-08-02 19:36:22.380033','2021-08-02 19:36:22.380033'),(104,'SAN LUIS',2,'2021-08-02 19:36:22.383335','2021-08-02 19:36:22.383335'),(105,'SAN PEDRO',2,'2021-08-02 19:36:22.387746','2021-08-02 19:36:22.387746'),(106,'SAN PEDRO DE URABA',2,'2021-08-02 19:36:22.391016','2021-08-02 19:36:22.391016'),(107,'SAN RAFAEL',2,'2021-08-02 19:36:22.394304','2021-08-02 19:36:22.394304'),(108,'SAN ROQUE',2,'2021-08-02 19:36:22.397555','2021-08-02 19:36:22.397555'),(109,'SAN VICENTE',2,'2021-08-02 19:36:22.401136','2021-08-02 19:36:22.401136'),(110,'SANTA BARBARA',2,'2021-08-02 19:36:22.404425','2021-08-02 19:36:22.404425'),(111,'SANTA ROSA DE OSOS',2,'2021-08-02 19:36:22.407668','2021-08-02 19:36:22.407668'),(112,'SANTAFE DE ANTIOQUIA',2,'2021-08-02 19:36:22.410862','2021-08-02 19:36:22.410862'),(113,'SANTO DOMINGO',2,'2021-08-02 19:36:22.414097','2021-08-02 19:36:22.414097'),(114,'SEGOVIA',2,'2021-08-02 19:36:22.417288','2021-08-02 19:36:22.417288'),(115,'SONSON',2,'2021-08-02 19:36:22.420527','2021-08-02 19:36:22.420527'),(116,'SOPETRAN',2,'2021-08-02 19:36:22.434833','2021-08-02 19:36:22.434833'),(117,'TAMESIS',2,'2021-08-02 19:36:22.455141','2021-08-02 19:36:22.455141'),(118,'TARAZA',2,'2021-08-02 19:36:22.458896','2021-08-02 19:36:22.458896'),(119,'TARSO',2,'2021-08-02 19:36:22.463901','2021-08-02 19:36:22.463901'),(120,'TITIRIBI',2,'2021-08-02 19:36:22.467371','2021-08-02 19:36:22.467371'),(121,'TOLEDO',2,'2021-08-02 19:36:22.472369','2021-08-02 19:36:22.472369'),(122,'TURBO',2,'2021-08-02 19:36:22.475759','2021-08-02 19:36:22.475759'),(123,'URAMITA',2,'2021-08-02 19:36:22.479113','2021-08-02 19:36:22.479113'),(124,'URRAO',2,'2021-08-02 19:36:22.482728','2021-08-02 19:36:22.482728'),(125,'VALDIVIA',2,'2021-08-02 19:36:22.486288','2021-08-02 19:36:22.486288'),(126,'VALPARAISO',2,'2021-08-02 19:36:22.489701','2021-08-02 19:36:22.489701'),(127,'VEGACHI',2,'2021-08-02 19:36:22.493203','2021-08-02 19:36:22.493203'),(128,'VENECIA',2,'2021-08-02 19:36:22.496707','2021-08-02 19:36:22.496707'),(129,'VIGIA DEL FUERTE',2,'2021-08-02 19:36:22.500073','2021-08-02 19:36:22.500073'),(130,'YALI',2,'2021-08-02 19:36:22.503477','2021-08-02 19:36:22.503477'),(131,'YARUMAL',2,'2021-08-02 19:36:22.507013','2021-08-02 19:36:22.507013'),(132,'YOLOMBO',2,'2021-08-02 19:36:22.510477','2021-08-02 19:36:22.510477'),(133,'YONDO',2,'2021-08-02 19:36:22.513918','2021-08-02 19:36:22.513918'),(134,'ZARAGOZA',2,'2021-08-02 19:36:22.517312','2021-08-02 19:36:22.517312'),(135,'AGUA DE DIOS',3,'2021-08-02 19:36:22.520779','2021-08-02 19:36:22.520779'),(136,'ARAUCA',3,'2021-08-02 19:36:22.524235','2021-08-02 19:36:22.524235'),(137,'ARAUQUITA',3,'2021-08-02 19:36:22.531496','2021-08-02 19:36:22.531496'),(138,'CRAVO NORTE',3,'2021-08-02 19:36:22.534989','2021-08-02 19:36:22.534989'),(139,'FORTUL',3,'2021-08-02 19:36:22.538449','2021-08-02 19:36:22.538449'),(140,'PUERTO RONDÓN',3,'2021-08-02 19:36:22.541810','2021-08-02 19:36:22.541810'),(141,'SARAVENA',3,'2021-08-02 19:36:22.545211','2021-08-02 19:36:22.545211'),(142,'TAME',3,'2021-08-02 19:36:22.548443','2021-08-02 19:36:22.548443'),(143,'BARANOA',4,'2021-08-02 19:36:22.551692','2021-08-02 19:36:22.551692'),(144,'BARRANQUILLA',4,'2021-08-02 19:36:22.555090','2021-08-02 19:36:22.555090'),(145,'CAMPO DE LA CRUZ',4,'2021-08-02 19:36:22.558563','2021-08-02 19:36:22.558563'),(146,'CANDELARIA',4,'2021-08-02 19:36:22.561968','2021-08-02 19:36:22.561968'),(147,'GALAPA',4,'2021-08-02 19:36:22.565267','2021-08-02 19:36:22.565267'),(148,'JUAN DE ACOSTA',4,'2021-08-02 19:36:22.568767','2021-08-02 19:36:22.568767'),(149,'LURUACO',4,'2021-08-02 19:36:22.572065','2021-08-02 19:36:22.572065'),(150,'MALAMBO',4,'2021-08-02 19:36:22.575483','2021-08-02 19:36:22.575483'),(151,'MANATÍ',4,'2021-08-02 19:36:22.578742','2021-08-02 19:36:22.578742'),(152,'PALMAR DE VARELA',4,'2021-08-02 19:36:22.581965','2021-08-02 19:36:22.581965'),(153,'PIOJÓ',4,'2021-08-02 19:36:22.585851','2021-08-02 19:36:22.585851'),(154,'POLONUEVO',4,'2021-08-02 19:36:22.589323','2021-08-02 19:36:22.589323'),(155,'PONEDERA',4,'2021-08-02 19:36:22.592504','2021-08-02 19:36:22.592504'),(156,'PUERTO COLOMBIA',4,'2021-08-02 19:36:22.595761','2021-08-02 19:36:22.595761'),(157,'REPELÓN',4,'2021-08-02 19:36:22.598997','2021-08-02 19:36:22.598997'),(158,'SABANAGRANDE',4,'2021-08-02 19:36:22.602354','2021-08-02 19:36:22.602354'),(159,'SANTA LUCÍA',4,'2021-08-02 19:36:22.605533','2021-08-02 19:36:22.605533'),(160,'SANTO TOMAS',4,'2021-08-02 19:36:22.624522','2021-08-02 19:36:22.624522'),(161,'SOLEDAD',4,'2021-08-02 19:36:22.628057','2021-08-02 19:36:22.628057'),(162,'SUAN',4,'2021-08-02 19:36:22.631377','2021-08-02 19:36:22.631377'),(163,'TUBARÁ',4,'2021-08-02 19:36:22.634528','2021-08-02 19:36:22.634528'),(164,'USIACURÍ',4,'2021-08-02 19:36:22.637662','2021-08-02 19:36:22.637662'),(165,'ANTONIO NARIÑO',5,'2021-08-02 19:36:22.640988','2021-08-02 19:36:22.640988'),(166,'BARRIOS UNIDOS',5,'2021-08-02 19:36:22.644129','2021-08-02 19:36:22.644129'),(167,'BOGOTA D.C.',5,'2021-08-02 19:36:22.647245','2021-08-02 19:36:22.647245'),(168,'BOSA',5,'2021-08-02 19:36:22.650438','2021-08-02 19:36:22.650438'),(169,'CHAPINERO',5,'2021-08-02 19:36:22.653541','2021-08-02 19:36:22.653541'),(170,'CIUDAD BOLIVAR',5,'2021-08-02 19:36:22.656740','2021-08-02 19:36:22.656740'),(171,'ENGATIVA',5,'2021-08-02 19:36:22.659847','2021-08-02 19:36:22.659847'),(172,'FONTIBON',5,'2021-08-02 19:36:22.662898','2021-08-02 19:36:22.662898'),(173,'KENNEDY',5,'2021-08-02 19:36:22.666144','2021-08-02 19:36:22.666144'),(174,'LA CANDELARIA',5,'2021-08-02 19:36:22.669341','2021-08-02 19:36:22.669341'),(175,'MARTIRES',5,'2021-08-02 19:36:22.672465','2021-08-02 19:36:22.672465'),(176,'PUENTE ARANDA',5,'2021-08-02 19:36:22.677782','2021-08-02 19:36:22.677782'),(177,'RAFAEL URIBE',5,'2021-08-02 19:36:22.681068','2021-08-02 19:36:22.681068'),(178,'SAN CRISTOBAL',5,'2021-08-02 19:36:22.684379','2021-08-02 19:36:22.684379'),(179,'SANTAFE',5,'2021-08-02 19:36:22.687620','2021-08-02 19:36:22.687620'),(180,'SUBA',5,'2021-08-02 19:36:22.690804','2021-08-02 19:36:22.690804'),(181,'SUMAPAZ',5,'2021-08-02 19:36:22.694304','2021-08-02 19:36:22.694304'),(182,'TEUSAQUILLO',5,'2021-08-02 19:36:22.697640','2021-08-02 19:36:22.697640'),(183,'TUNJUELITO',5,'2021-08-02 19:36:22.700946','2021-08-02 19:36:22.700946'),(184,'USAQUEN',5,'2021-08-02 19:36:22.704033','2021-08-02 19:36:22.704033'),(185,'USME',5,'2021-08-02 19:36:22.708054','2021-08-02 19:36:22.708054'),(186,'ACHÍ',6,'2021-08-02 19:36:22.711256','2021-08-02 19:36:22.711256'),(187,'ALTOS DEL ROSARIO',6,'2021-08-02 19:36:22.714503','2021-08-02 19:36:22.714503'),(188,'ARENAL',6,'2021-08-02 19:36:22.717645','2021-08-02 19:36:22.717645'),(189,'ARJONA',6,'2021-08-02 19:36:22.731106','2021-08-02 19:36:22.731106'),(190,'ARROYOHONDO',6,'2021-08-02 19:36:22.734491','2021-08-02 19:36:22.734491'),(191,'BARRANCO DE LOBA',6,'2021-08-02 19:36:22.737658','2021-08-02 19:36:22.737658'),(192,'CALAMAR',6,'2021-08-02 19:36:22.741114','2021-08-02 19:36:22.741114'),(193,'CANTAGALLO',6,'2021-08-02 19:36:22.744488','2021-08-02 19:36:22.744488'),(194,'CARTAGENA',6,'2021-08-02 19:36:22.747788','2021-08-02 19:36:22.747788'),(195,'CICUCO',6,'2021-08-02 19:36:22.751113','2021-08-02 19:36:22.751113'),(196,'CLEMENCIA',6,'2021-08-02 19:36:22.754648','2021-08-02 19:36:22.754648'),(197,'CÓRDOBA',6,'2021-08-02 19:36:22.757941','2021-08-02 19:36:22.757941'),(198,'EL CARMEN DE BOLÍVAR',6,'2021-08-02 19:36:22.761184','2021-08-02 19:36:22.761184'),(199,'EL GUAMO',6,'2021-08-02 19:36:22.764435','2021-08-02 19:36:22.764435'),(200,'EL PEÑÓN',6,'2021-08-02 19:36:22.767819','2021-08-02 19:36:22.767819'),(201,'HATILLO DE LOBA',6,'2021-08-02 19:36:22.771223','2021-08-02 19:36:22.771223'),(202,'MAGANGUÉ',6,'2021-08-02 19:36:22.774668','2021-08-02 19:36:22.774668'),(203,'MAHATES',6,'2021-08-02 19:36:22.778003','2021-08-02 19:36:22.778003'),(204,'MARGARITA',6,'2021-08-02 19:36:22.785507','2021-08-02 19:36:22.785507'),(205,'MARÍA LA BAJA',6,'2021-08-02 19:36:22.789104','2021-08-02 19:36:22.789104'),(206,'MOMPÓS',6,'2021-08-02 19:36:22.792455','2021-08-02 19:36:22.792455'),(207,'MONTECRISTO',6,'2021-08-02 19:36:22.795851','2021-08-02 19:36:22.795851'),(208,'MORALES',6,'2021-08-02 19:36:22.799334','2021-08-02 19:36:22.799334'),(209,'NOROSI',6,'2021-08-02 19:36:22.802913','2021-08-02 19:36:22.802913'),(210,'PINILLOS',6,'2021-08-02 19:36:22.806145','2021-08-02 19:36:22.806145'),(211,'REGIDOR',6,'2021-08-02 19:36:22.809330','2021-08-02 19:36:22.809330'),(212,'RÍO VIEJO',6,'2021-08-02 19:36:22.812605','2021-08-02 19:36:22.812605'),(213,'SAN CRISTOBAL',6,'2021-08-02 19:36:22.815771','2021-08-02 19:36:22.815771'),(214,'SAN ESTANISLAO',6,'2021-08-02 19:36:22.819022','2021-08-02 19:36:22.819022'),(215,'SAN FERNANDO',6,'2021-08-02 19:36:22.822280','2021-08-02 19:36:22.822280'),(216,'SAN JACINTO',6,'2021-08-02 19:36:22.825488','2021-08-02 19:36:22.825488'),(217,'SAN JACINTO DEL CAUCA',6,'2021-08-02 19:36:22.828680','2021-08-02 19:36:22.828680'),(218,'SAN JUAN NEPOMUCENO',6,'2021-08-02 19:36:22.831930','2021-08-02 19:36:22.831930'),(219,'SAN MARTÍN DE LOBA',6,'2021-08-02 19:36:22.835080','2021-08-02 19:36:22.835080'),(220,'SAN PABLO',6,'2021-08-02 19:36:22.838252','2021-08-02 19:36:22.838252'),(221,'SANTA CATALINA',6,'2021-08-02 19:36:22.841570','2021-08-02 19:36:22.841570'),(222,'SANTA ROSA',6,'2021-08-02 19:36:22.844877','2021-08-02 19:36:22.844877'),(223,'SANTA ROSA DEL SUR',6,'2021-08-02 19:36:22.848152','2021-08-02 19:36:22.848152'),(224,'SIMITÍ',6,'2021-08-02 19:36:22.851404','2021-08-02 19:36:22.851404'),(225,'SOPLAVIENTO',6,'2021-08-02 19:36:22.854717','2021-08-02 19:36:22.854717'),(226,'TALAIGUA NUEVO',6,'2021-08-02 19:36:22.858036','2021-08-02 19:36:22.858036'),(227,'TIQUISIO',6,'2021-08-02 19:36:22.861281','2021-08-02 19:36:22.861281'),(228,'TURBACO',6,'2021-08-02 19:36:22.864529','2021-08-02 19:36:22.864529'),(229,'TURBANÁ',6,'2021-08-02 19:36:22.867777','2021-08-02 19:36:22.867777'),(230,'VILLANUEVA',6,'2021-08-02 19:36:22.870942','2021-08-02 19:36:22.870942'),(231,'ZAMBRANO',6,'2021-08-02 19:36:22.874174','2021-08-02 19:36:22.874174'),(232,'ALMEIDA',7,'2021-08-02 19:36:22.877303','2021-08-02 19:36:22.877303'),(233,'AQUITANIA',7,'2021-08-02 19:36:22.880529','2021-08-02 19:36:22.880529'),(234,'ARCABUCO',7,'2021-08-02 19:36:22.883721','2021-08-02 19:36:22.883721'),(235,'BELÉN',7,'2021-08-02 19:36:22.886873','2021-08-02 19:36:22.886873'),(236,'BERBEO',7,'2021-08-02 19:36:22.890119','2021-08-02 19:36:22.890119'),(237,'BETÉITIVA',7,'2021-08-02 19:36:22.893279','2021-08-02 19:36:22.893279'),(238,'BOAVITA',7,'2021-08-02 19:36:22.896420','2021-08-02 19:36:22.896420'),(239,'BOYACÁ',7,'2021-08-02 19:36:22.899725','2021-08-02 19:36:22.899725'),(240,'BUENAVISTA',7,'2021-08-02 19:36:22.902821','2021-08-02 19:36:22.902821'),(241,'BUSBANZÁ',7,'2021-08-02 19:36:22.905996','2021-08-02 19:36:22.905996'),(242,'CAMPOHERMOSO',7,'2021-08-02 19:36:22.909275','2021-08-02 19:36:22.909275'),(243,'CERINZA',7,'2021-08-02 19:36:22.912591','2021-08-02 19:36:22.912591'),(244,'CHINAVITA',7,'2021-08-02 19:36:22.915830','2021-08-02 19:36:22.915830'),(245,'CHIQUINQUIRÁ',7,'2021-08-02 19:36:22.919063','2021-08-02 19:36:22.919063'),(246,'CHIQUIZA',7,'2021-08-02 19:36:22.922324','2021-08-02 19:36:22.922324'),(247,'CHISCAS',7,'2021-08-02 19:36:22.928361','2021-08-02 19:36:22.928361'),(248,'CHITA',7,'2021-08-02 19:36:22.936603','2021-08-02 19:36:22.936603'),(249,'CHITARAQUE',7,'2021-08-02 19:36:22.939773','2021-08-02 19:36:22.939773'),(250,'CHIVATÁ',7,'2021-08-02 19:36:22.942890','2021-08-02 19:36:22.942890'),(251,'CHIVOR',7,'2021-08-02 19:36:22.946170','2021-08-02 19:36:22.946170'),(252,'CIENEGA',7,'2021-08-02 19:36:22.949358','2021-08-02 19:36:22.949358'),(253,'COMBITA',7,'2021-08-02 19:36:22.952558','2021-08-02 19:36:22.952558'),(254,'COPER',7,'2021-08-02 19:36:22.955850','2021-08-02 19:36:22.955850'),(255,'CORRALES',7,'2021-08-02 19:36:22.959093','2021-08-02 19:36:22.959093'),(256,'COVARACHÍA',7,'2021-08-02 19:36:22.962401','2021-08-02 19:36:22.962401'),(257,'CUBARÁ',7,'2021-08-02 19:36:22.965619','2021-08-02 19:36:22.965619'),(258,'CUCAITA',7,'2021-08-02 19:36:22.968897','2021-08-02 19:36:22.968897'),(259,'CUITIIVA',7,'2021-08-02 19:36:22.972128','2021-08-02 19:36:22.972128'),(260,'DUITAMA',7,'2021-08-02 19:36:22.975442','2021-08-02 19:36:22.975442'),(261,'EL COCUY',7,'2021-08-02 19:36:22.978745','2021-08-02 19:36:22.978745'),(262,'EL ESPINO',7,'2021-08-02 19:36:23.005767','2021-08-02 19:36:23.005767'),(263,'FIRAVITOBA',7,'2021-08-02 19:36:23.009801','2021-08-02 19:36:23.009801'),(264,'FLORESTA',7,'2021-08-02 19:36:23.013190','2021-08-02 19:36:23.013190'),(265,'GACHANTIVÁ',7,'2021-08-02 19:36:23.016637','2021-08-02 19:36:23.016637'),(266,'GAMEZA',7,'2021-08-02 19:36:23.020005','2021-08-02 19:36:23.020005'),(267,'GARAGOA',7,'2021-08-02 19:36:23.023309','2021-08-02 19:36:23.023309'),(268,'GUACAMAYAS',7,'2021-08-02 19:36:23.027653','2021-08-02 19:36:23.027653'),(269,'GUATEQUE',7,'2021-08-02 19:36:23.031000','2021-08-02 19:36:23.031000'),(270,'GUAYATÁ',7,'2021-08-02 19:36:23.034350','2021-08-02 19:36:23.034350'),(271,'GÜICÁN',7,'2021-08-02 19:36:23.037844','2021-08-02 19:36:23.037844'),(272,'IZA',7,'2021-08-02 19:36:23.043858','2021-08-02 19:36:23.043858'),(273,'JENESANO',7,'2021-08-02 19:36:23.047448','2021-08-02 19:36:23.047448'),(274,'LA CAPILLA',7,'2021-08-02 19:36:23.050808','2021-08-02 19:36:23.050808'),(275,'LA UVITA',7,'2021-08-02 19:36:23.054230','2021-08-02 19:36:23.054230'),(276,'LA VICTORIA',7,'2021-08-02 19:36:23.057624','2021-08-02 19:36:23.057624'),(277,'LABRANZAGRANDE',7,'2021-08-02 19:36:23.061113','2021-08-02 19:36:23.061113'),(278,'MACANAL',7,'2021-08-02 19:36:23.064478','2021-08-02 19:36:23.064478'),(279,'MARIPÍ',7,'2021-08-02 19:36:23.067831','2021-08-02 19:36:23.067831'),(280,'MIRAFLORES',7,'2021-08-02 19:36:23.071118','2021-08-02 19:36:23.071118'),(281,'MONGUA',7,'2021-08-02 19:36:23.074427','2021-08-02 19:36:23.074427'),(282,'MONGUÍ',7,'2021-08-02 19:36:23.077735','2021-08-02 19:36:23.077735'),(283,'MONIQUIRÁ',7,'2021-08-02 19:36:23.081062','2021-08-02 19:36:23.081062'),(284,'MOTAVITA',7,'2021-08-02 19:36:23.084412','2021-08-02 19:36:23.084412'),(285,'MUZO',7,'2021-08-02 19:36:23.087745','2021-08-02 19:36:23.087745'),(286,'NOBSA',7,'2021-08-02 19:36:23.091050','2021-08-02 19:36:23.091050'),(287,'NUEVO COLÓN',7,'2021-08-02 19:36:23.094449','2021-08-02 19:36:23.094449'),(288,'OICATA',7,'2021-08-02 19:36:23.097836','2021-08-02 19:36:23.097836'),(289,'OTANCHE',7,'2021-08-02 19:36:23.101229','2021-08-02 19:36:23.101229'),(290,'PACHAVITA',7,'2021-08-02 19:36:23.104622','2021-08-02 19:36:23.104622'),(291,'PAEZ',7,'2021-08-02 19:36:23.107940','2021-08-02 19:36:23.107940'),(292,'PAIPA',7,'2021-08-02 19:36:23.111443','2021-08-02 19:36:23.111443'),(293,'PAJARITO',7,'2021-08-02 19:36:23.114660','2021-08-02 19:36:23.114660'),(294,'PANQUEBA',7,'2021-08-02 19:36:23.117950','2021-08-02 19:36:23.117950'),(295,'PAUNA',7,'2021-08-02 19:36:23.121262','2021-08-02 19:36:23.121262'),(296,'PAYA',7,'2021-08-02 19:36:23.124677','2021-08-02 19:36:23.124677'),(297,'PAZ DE RÍO',7,'2021-08-02 19:36:23.127968','2021-08-02 19:36:23.127968'),(298,'PESCA',7,'2021-08-02 19:36:23.131281','2021-08-02 19:36:23.131281'),(299,'PISBA',7,'2021-08-02 19:36:23.134544','2021-08-02 19:36:23.134544'),(300,'PUERTO BOYACÁ',7,'2021-08-02 19:36:23.137896','2021-08-02 19:36:23.137896'),(301,'QUIPAMA',7,'2021-08-02 19:36:23.141199','2021-08-02 19:36:23.141199'),(302,'RAMIRIQUÍ',7,'2021-08-02 19:36:23.144440','2021-08-02 19:36:23.144440'),(303,'RAQUIRA',7,'2021-08-02 19:36:23.147599','2021-08-02 19:36:23.147599'),(304,'RONDÓN',7,'2021-08-02 19:36:23.150733','2021-08-02 19:36:23.150733'),(305,'SABOYÁ',7,'2021-08-02 19:36:23.154053','2021-08-02 19:36:23.154053'),(306,'SACHICA',7,'2021-08-02 19:36:23.157370','2021-08-02 19:36:23.157370'),(307,'SAMACÁ',7,'2021-08-02 19:36:23.160700','2021-08-02 19:36:23.160700'),(308,'SAN EDUARDO',7,'2021-08-02 19:36:23.164094','2021-08-02 19:36:23.164094'),(309,'SAN JOSÉ DE PARE',7,'2021-08-02 19:36:23.167384','2021-08-02 19:36:23.167384'),(310,'SAN LUIS DE GACENO',7,'2021-08-02 19:36:23.170564','2021-08-02 19:36:23.170564'),(311,'SAN MATEO',7,'2021-08-02 19:36:23.173863','2021-08-02 19:36:23.173863'),(312,'SAN MIGUEL DE SEMA',7,'2021-08-02 19:36:23.177015','2021-08-02 19:36:23.177015'),(313,'SAN PABLO BORBUR',7,'2021-08-02 19:36:23.180196','2021-08-02 19:36:23.180196'),(314,'SANTA MARÍA',7,'2021-08-02 19:36:23.183408','2021-08-02 19:36:23.183408'),(315,'SANTA ROSA DE VITERBO',7,'2021-08-02 19:36:23.186589','2021-08-02 19:36:23.186589'),(316,'SANTA SOFÍA',7,'2021-08-02 19:36:23.189685','2021-08-02 19:36:23.189685'),(317,'SANTANA',7,'2021-08-02 19:36:23.192793','2021-08-02 19:36:23.192793'),(318,'SATIVANORTE',7,'2021-08-02 19:36:23.195958','2021-08-02 19:36:23.195958'),(319,'SATIVASUR',7,'2021-08-02 19:36:23.199175','2021-08-02 19:36:23.199175'),(320,'SIACHOQUE',7,'2021-08-02 19:36:23.202401','2021-08-02 19:36:23.202401'),(321,'SOATÁ',7,'2021-08-02 19:36:23.211142','2021-08-02 19:36:23.211142'),(322,'SOCHA',7,'2021-08-02 19:36:23.214366','2021-08-02 19:36:23.214366'),(323,'SOCOTÁ',7,'2021-08-02 19:36:23.217570','2021-08-02 19:36:23.217570'),(324,'SOGAMOSO',7,'2021-08-02 19:36:23.220738','2021-08-02 19:36:23.220738'),(325,'SOMONDOCO',7,'2021-08-02 19:36:23.223950','2021-08-02 19:36:23.223950'),(326,'SORA',7,'2021-08-02 19:36:23.227158','2021-08-02 19:36:23.227158'),(327,'SORACÁ',7,'2021-08-02 19:36:23.230480','2021-08-02 19:36:23.230480'),(328,'SOTAQUIRÁ',7,'2021-08-02 19:36:23.233727','2021-08-02 19:36:23.233727'),(329,'SUSACÓN',7,'2021-08-02 19:36:23.236918','2021-08-02 19:36:23.236918'),(330,'SUTAMARCHÁN',7,'2021-08-02 19:36:23.240287','2021-08-02 19:36:23.240287'),(331,'SUTATENZA',7,'2021-08-02 19:36:23.243646','2021-08-02 19:36:23.243646'),(332,'TASCO',7,'2021-08-02 19:36:23.246885','2021-08-02 19:36:23.246885'),(333,'TENZA',7,'2021-08-02 19:36:23.251785','2021-08-02 19:36:23.251785'),(334,'TIBANÁ',7,'2021-08-02 19:36:23.263628','2021-08-02 19:36:23.263628'),(335,'TIBASOSA',7,'2021-08-02 19:36:23.269052','2021-08-02 19:36:23.269052'),(336,'TINJACÁ',7,'2021-08-02 19:36:23.272518','2021-08-02 19:36:23.272518'),(337,'TIPACOQUE',7,'2021-08-02 19:36:23.275937','2021-08-02 19:36:23.275937'),(338,'TOCA',7,'2021-08-02 19:36:23.279437','2021-08-02 19:36:23.279437'),(339,'TOGÜÍ',7,'2021-08-02 19:36:23.282767','2021-08-02 19:36:23.282767'),(340,'TOPAGA',7,'2021-08-02 19:36:23.286166','2021-08-02 19:36:23.286166'),(341,'TOTA',7,'2021-08-02 19:36:23.289436','2021-08-02 19:36:23.289436'),(342,'TUNJA',7,'2021-08-02 19:36:23.292718','2021-08-02 19:36:23.292718'),(343,'TUNUNGUÁ',7,'2021-08-02 19:36:23.295950','2021-08-02 19:36:23.295950'),(344,'TURMEQUÉ',7,'2021-08-02 19:36:23.299378','2021-08-02 19:36:23.299378'),(345,'TUTA',7,'2021-08-02 19:36:23.302737','2021-08-02 19:36:23.302737'),(346,'TUTASÁ',7,'2021-08-02 19:36:23.306118','2021-08-02 19:36:23.306118'),(347,'UMBITA',7,'2021-08-02 19:36:23.309337','2021-08-02 19:36:23.309337'),(348,'VENTAQUEMADA',7,'2021-08-02 19:36:23.312753','2021-08-02 19:36:23.312753'),(349,'VILLA DE LEYVA',7,'2021-08-02 19:36:23.316126','2021-08-02 19:36:23.316126'),(350,'VIRACACHÁ',7,'2021-08-02 19:36:23.319400','2021-08-02 19:36:23.319400'),(351,'ZETAQUIRA',7,'2021-08-02 19:36:23.322779','2021-08-02 19:36:23.322779'),(352,'AGUADAS',8,'2021-08-02 19:36:23.326228','2021-08-02 19:36:23.326228'),(353,'ANSERMA',8,'2021-08-02 19:36:23.329564','2021-08-02 19:36:23.329564'),(354,'ARANZAZU',8,'2021-08-02 19:36:23.332815','2021-08-02 19:36:23.332815'),(355,'BELALCÁZAR',8,'2021-08-02 19:36:23.336076','2021-08-02 19:36:23.336076'),(356,'CHINCHINÁ',8,'2021-08-02 19:36:23.339523','2021-08-02 19:36:23.339523'),(357,'FILADELFIA',8,'2021-08-02 19:36:23.342875','2021-08-02 19:36:23.342875'),(358,'LA DORADA',8,'2021-08-02 19:36:23.346127','2021-08-02 19:36:23.346127'),(359,'LA MERCED',8,'2021-08-02 19:36:23.349321','2021-08-02 19:36:23.349321'),(360,'MANIZALES',8,'2021-08-02 19:36:23.355020','2021-08-02 19:36:23.355020'),(361,'MANZANARES',8,'2021-08-02 19:36:23.358382','2021-08-02 19:36:23.358382'),(362,'MARMATO',8,'2021-08-02 19:36:23.361788','2021-08-02 19:36:23.361788'),(363,'MARQUETALIA',8,'2021-08-02 19:36:23.365177','2021-08-02 19:36:23.365177'),(364,'MARULANDA',8,'2021-08-02 19:36:23.368414','2021-08-02 19:36:23.368414'),(365,'NEIRA',8,'2021-08-02 19:36:23.371746','2021-08-02 19:36:23.371746'),(366,'NORCASIA',8,'2021-08-02 19:36:23.375016','2021-08-02 19:36:23.375016'),(367,'PÁCORA',8,'2021-08-02 19:36:23.378272','2021-08-02 19:36:23.378272'),(368,'PALESTINA',8,'2021-08-02 19:36:23.381465','2021-08-02 19:36:23.381465'),(369,'PENSILVANIA',8,'2021-08-02 19:36:23.384758','2021-08-02 19:36:23.384758'),(370,'RIOSUCIO',8,'2021-08-02 19:36:23.387988','2021-08-02 19:36:23.387988'),(371,'RISARALDA',8,'2021-08-02 19:36:23.391200','2021-08-02 19:36:23.391200'),(372,'SALAMINA',8,'2021-08-02 19:36:23.402640','2021-08-02 19:36:23.402640'),(373,'SAMANÁ',8,'2021-08-02 19:36:23.406007','2021-08-02 19:36:23.406007'),(374,'SAN JOSÉ',8,'2021-08-02 19:36:23.409337','2021-08-02 19:36:23.409337'),(375,'SUPÍA',8,'2021-08-02 19:36:23.412699','2021-08-02 19:36:23.412699'),(376,'VICTORIA',8,'2021-08-02 19:36:23.415981','2021-08-02 19:36:23.415981'),(377,'VILLAMARÍA',8,'2021-08-02 19:36:23.419198','2021-08-02 19:36:23.419198'),(378,'VITERBO',8,'2021-08-02 19:36:23.422457','2021-08-02 19:36:23.422457'),(379,'ALBANIA',9,'2021-08-02 19:36:23.425674','2021-08-02 19:36:23.425674'),(380,'BELÉN DE LOS ANDAQUÍES',9,'2021-08-02 19:36:23.428888','2021-08-02 19:36:23.428888'),(381,'CARTAGENA DEL CHAIRÁ',9,'2021-08-02 19:36:23.432151','2021-08-02 19:36:23.432151'),(382,'CURRILLO',9,'2021-08-02 19:36:23.435371','2021-08-02 19:36:23.435371'),(383,'EL DONCELLO',9,'2021-08-02 19:36:23.438549','2021-08-02 19:36:23.438549'),(384,'EL PAUJIL',9,'2021-08-02 19:36:23.441853','2021-08-02 19:36:23.441853'),(385,'FLORENCIA',9,'2021-08-02 19:36:23.445101','2021-08-02 19:36:23.445101'),(386,'LA MONTAÑITA',9,'2021-08-02 19:36:23.448713','2021-08-02 19:36:23.448713'),(387,'MILÁN',9,'2021-08-02 19:36:23.452027','2021-08-02 19:36:23.452027'),(388,'MORELIA',9,'2021-08-02 19:36:23.455257','2021-08-02 19:36:23.455257'),(389,'PUERTO RICO',9,'2021-08-02 19:36:23.458516','2021-08-02 19:36:23.458516'),(390,'SAN JOSÉ DE LA FRAGUA',9,'2021-08-02 19:36:23.461791','2021-08-02 19:36:23.461791'),(391,'SAN VICENTE DEL CAGUÁN',9,'2021-08-02 19:36:23.465088','2021-08-02 19:36:23.465088'),(392,'SOLANO',9,'2021-08-02 19:36:23.468361','2021-08-02 19:36:23.468361'),(393,'SOLITA',9,'2021-08-02 19:36:23.473989','2021-08-02 19:36:23.473989'),(394,'VALPARAÍSO',9,'2021-08-02 19:36:23.477258','2021-08-02 19:36:23.477258'),(395,'AGUAZUL',10,'2021-08-02 19:36:23.480522','2021-08-02 19:36:23.480522'),(396,'CHÁMEZA',10,'2021-08-02 19:36:23.483775','2021-08-02 19:36:23.483775'),(397,'HATO COROZAL',10,'2021-08-02 19:36:23.487101','2021-08-02 19:36:23.487101'),(398,'LA SALINA',10,'2021-08-02 19:36:23.490505','2021-08-02 19:36:23.490505'),(399,'MANÍ',10,'2021-08-02 19:36:23.493803','2021-08-02 19:36:23.493803'),(400,'MONTERREY',10,'2021-08-02 19:36:23.497083','2021-08-02 19:36:23.497083'),(401,'NUNCHÍA',10,'2021-08-02 19:36:23.500354','2021-08-02 19:36:23.500354'),(402,'OROCUÉ',10,'2021-08-02 19:36:23.503681','2021-08-02 19:36:23.503681'),(403,'PAZ DE ARIPORO',10,'2021-08-02 19:36:23.506958','2021-08-02 19:36:23.506958'),(404,'PORE',10,'2021-08-02 19:36:23.510241','2021-08-02 19:36:23.510241'),(405,'RECETOR',10,'2021-08-02 19:36:23.513550','2021-08-02 19:36:23.513550'),(406,'SÁCAMA',10,'2021-08-02 19:36:23.516823','2021-08-02 19:36:23.516823'),(407,'SAN LUIS DE PALENQUE',10,'2021-08-02 19:36:23.530972','2021-08-02 19:36:23.530972'),(408,'TÁMARA',10,'2021-08-02 19:36:23.534780','2021-08-02 19:36:23.534780'),(409,'TAURAMENA',10,'2021-08-02 19:36:23.538123','2021-08-02 19:36:23.538123'),(410,'TRINIDAD',10,'2021-08-02 19:36:23.541563','2021-08-02 19:36:23.541563'),(411,'YOPAL',10,'2021-08-02 19:36:23.545104','2021-08-02 19:36:23.545104'),(412,'ALMAGUER',11,'2021-08-02 19:36:23.548465','2021-08-02 19:36:23.548465'),(413,'BALBOA',11,'2021-08-02 19:36:23.551821','2021-08-02 19:36:23.551821'),(414,'BUENOS AIRES',11,'2021-08-02 19:36:23.555191','2021-08-02 19:36:23.555191'),(415,'CAJIBÍO',11,'2021-08-02 19:36:23.559665','2021-08-02 19:36:23.559665'),(416,'CALDONO',11,'2021-08-02 19:36:23.562971','2021-08-02 19:36:23.562971'),(417,'CALOTO',11,'2021-08-02 19:36:23.566198','2021-08-02 19:36:23.566198'),(418,'CORINTO',11,'2021-08-02 19:36:23.569509','2021-08-02 19:36:23.569509'),(419,'EL TAMBO',11,'2021-08-02 19:36:23.572853','2021-08-02 19:36:23.572853'),(420,'GUACHENE',11,'2021-08-02 19:36:23.576155','2021-08-02 19:36:23.576155'),(421,'GUAPI',11,'2021-08-02 19:36:23.579473','2021-08-02 19:36:23.579473'),(422,'INZÁ',11,'2021-08-02 19:36:23.582780','2021-08-02 19:36:23.582780'),(423,'JAMBALÓ',11,'2021-08-02 19:36:23.586055','2021-08-02 19:36:23.586055'),(424,'LA SIERRA',11,'2021-08-02 19:36:23.589377','2021-08-02 19:36:23.589377'),(425,'LA VEGA',11,'2021-08-02 19:36:23.592761','2021-08-02 19:36:23.592761'),(426,'LÓPEZ',11,'2021-08-02 19:36:23.596012','2021-08-02 19:36:23.596012'),(427,'MERCADERES',11,'2021-08-02 19:36:23.599346','2021-08-02 19:36:23.599346'),(428,'MIRANDA',11,'2021-08-02 19:36:23.602720','2021-08-02 19:36:23.602720'),(429,'PADILLA',11,'2021-08-02 19:36:23.606084','2021-08-02 19:36:23.606084'),(430,'PÁEZ',11,'2021-08-02 19:36:23.609305','2021-08-02 19:36:23.609305'),(431,'PATÍA',11,'2021-08-02 19:36:23.612579','2021-08-02 19:36:23.612579'),(432,'PIAMONTE',11,'2021-08-02 19:36:23.617805','2021-08-02 19:36:23.617805'),(433,'PIENDAMÓ',11,'2021-08-02 19:36:23.621088','2021-08-02 19:36:23.621088'),(434,'POPAYÁN',11,'2021-08-02 19:36:23.624315','2021-08-02 19:36:23.624315'),(435,'PUERTO TEJADA',11,'2021-08-02 19:36:23.627625','2021-08-02 19:36:23.627625'),(436,'PURACÉ',11,'2021-08-02 19:36:23.630979','2021-08-02 19:36:23.630979'),(437,'ROSAS',11,'2021-08-02 19:36:23.634278','2021-08-02 19:36:23.634278'),(438,'SAN SEBASTIÁN',11,'2021-08-02 19:36:23.637669','2021-08-02 19:36:23.637669'),(439,'SANTANDER DE QUILICHAO',11,'2021-08-02 19:36:23.640899','2021-08-02 19:36:23.640899'),(440,'SILVIA',11,'2021-08-02 19:36:23.644124','2021-08-02 19:36:23.644124'),(441,'SOTARÁ',11,'2021-08-02 19:36:23.647326','2021-08-02 19:36:23.647326'),(442,'SUÁREZ',11,'2021-08-02 19:36:23.650649','2021-08-02 19:36:23.650649'),(443,'SUCRE',11,'2021-08-02 19:36:23.653880','2021-08-02 19:36:23.653880'),(444,'TIMBÍO',11,'2021-08-02 19:36:23.657210','2021-08-02 19:36:23.657210'),(445,'TIMBIQUÍ',11,'2021-08-02 19:36:23.660515','2021-08-02 19:36:23.660515'),(446,'TORIBÍO',11,'2021-08-02 19:36:23.663707','2021-08-02 19:36:23.663707'),(447,'TOTORÓ',11,'2021-08-02 19:36:23.666886','2021-08-02 19:36:23.666886'),(448,'VILLA RICA',11,'2021-08-02 19:36:23.670124','2021-08-02 19:36:23.670124'),(449,'AGUACHICA',12,'2021-08-02 19:36:23.673415','2021-08-02 19:36:23.673415'),(450,'AGUSTÍN CODAZZI',12,'2021-08-02 19:36:23.676716','2021-08-02 19:36:23.676716'),(451,'ASTREA',12,'2021-08-02 19:36:23.680009','2021-08-02 19:36:23.680009'),(452,'BECERRIL',12,'2021-08-02 19:36:23.683249','2021-08-02 19:36:23.683249'),(453,'BOSCONIA',12,'2021-08-02 19:36:23.686434','2021-08-02 19:36:23.686434'),(454,'CHIMICHAGUA',12,'2021-08-02 19:36:23.689571','2021-08-02 19:36:23.689571'),(455,'CHIRIGUANÁ',12,'2021-08-02 19:36:23.692803','2021-08-02 19:36:23.692803'),(456,'CURUMANÍ',12,'2021-08-02 19:36:23.696045','2021-08-02 19:36:23.696045'),(457,'EL COPEY',12,'2021-08-02 19:36:23.699217','2021-08-02 19:36:23.699217'),(458,'EL PASO',12,'2021-08-02 19:36:23.703696','2021-08-02 19:36:23.703696'),(459,'GAMARRA',12,'2021-08-02 19:36:23.706849','2021-08-02 19:36:23.706849'),(460,'GONZÁLEZ',12,'2021-08-02 19:36:23.710151','2021-08-02 19:36:23.710151'),(461,'LA GLORIA',12,'2021-08-02 19:36:23.713473','2021-08-02 19:36:23.713473'),(462,'LA JAGUA DE IBIRICO',12,'2021-08-02 19:36:23.716670','2021-08-02 19:36:23.716670'),(463,'LA PAZ',12,'2021-08-02 19:36:23.719851','2021-08-02 19:36:23.719851'),(464,'MANAURE',12,'2021-08-02 19:36:23.723193','2021-08-02 19:36:23.723193'),(465,'PAILITAS',12,'2021-08-02 19:36:23.726403','2021-08-02 19:36:23.726403'),(466,'PELAYA',12,'2021-08-02 19:36:23.729636','2021-08-02 19:36:23.729636'),(467,'PUEBLO BELLO',12,'2021-08-02 19:36:23.732870','2021-08-02 19:36:23.732870'),(468,'RÍO DE ORO',12,'2021-08-02 19:36:23.736032','2021-08-02 19:36:23.736032'),(469,'SAN ALBERTO',12,'2021-08-02 19:36:23.739196','2021-08-02 19:36:23.739196'),(470,'SAN DIEGO',12,'2021-08-02 19:36:23.742361','2021-08-02 19:36:23.742361'),(471,'TAMALAMEQUE',12,'2021-08-02 19:36:23.745529','2021-08-02 19:36:23.745529'),(472,'VALLEDUPAR',12,'2021-08-02 19:36:23.748751','2021-08-02 19:36:23.748751'),(473,'ACANDÍ',13,'2021-08-02 19:36:23.751992','2021-08-02 19:36:23.751992'),(474,'ALTO BAUDÓ',13,'2021-08-02 19:36:23.755258','2021-08-02 19:36:23.755258'),(475,'ATRATO',13,'2021-08-02 19:36:23.758490','2021-08-02 19:36:23.758490'),(476,'BAGADÓ',13,'2021-08-02 19:36:23.761745','2021-08-02 19:36:23.761745'),(477,'BAHÍA SOLANO',13,'2021-08-02 19:36:23.764956','2021-08-02 19:36:23.764956'),(478,'BAJO BAUDÓ',13,'2021-08-02 19:36:23.771299','2021-08-02 19:36:23.771299'),(479,'BOJAYÁ',13,'2021-08-02 19:36:23.774620','2021-08-02 19:36:23.774620'),(480,'CANTÓN DEL SAN PABLO',13,'2021-08-02 19:36:23.788900','2021-08-02 19:36:23.788900'),(481,'CARMEN DEL DARIEN',13,'2021-08-02 19:36:23.792431','2021-08-02 19:36:23.792431'),(482,'CERTEGUI',13,'2021-08-02 19:36:23.795830','2021-08-02 19:36:23.795830'),(483,'CONDOTO',13,'2021-08-02 19:36:23.799257','2021-08-02 19:36:23.799257'),(484,'EL CARMEN DE ATRATO',13,'2021-08-02 19:36:23.802563','2021-08-02 19:36:23.802563'),(485,'ISTMINA',13,'2021-08-02 19:36:23.805834','2021-08-02 19:36:23.805834'),(486,'JURADÓ',13,'2021-08-02 19:36:23.809143','2021-08-02 19:36:23.809143'),(487,'LITORAL DEL BAJO SAN JUAN',13,'2021-08-02 19:36:23.812402','2021-08-02 19:36:23.812402'),(488,'LLORÓ',13,'2021-08-02 19:36:23.815786','2021-08-02 19:36:23.815786'),(489,'MEDIO ATRATO',13,'2021-08-02 19:36:23.819236','2021-08-02 19:36:23.819236'),(490,'MEDIO BAUDO',13,'2021-08-02 19:36:23.847976','2021-08-02 19:36:23.847976'),(491,'MEDIO SAN JUAN',13,'2021-08-02 19:36:23.851582','2021-08-02 19:36:23.851582'),(492,'NÓVITA',13,'2021-08-02 19:36:23.854887','2021-08-02 19:36:23.854887'),(493,'NUQUÍ',13,'2021-08-02 19:36:23.858342','2021-08-02 19:36:23.858342'),(494,'QUIBDO',13,'2021-08-02 19:36:23.861719','2021-08-02 19:36:23.861719'),(495,'RÍO IRO',13,'2021-08-02 19:36:23.865046','2021-08-02 19:36:23.865046'),(496,'RIO QUITO',13,'2021-08-02 19:36:23.868322','2021-08-02 19:36:23.868322'),(497,'SAN JOSÉ DEL PALMAR',13,'2021-08-02 19:36:23.871745','2021-08-02 19:36:23.871745'),(498,'SIPÍ',13,'2021-08-02 19:36:23.875035','2021-08-02 19:36:23.875035'),(499,'TADÓ',13,'2021-08-02 19:36:23.878355','2021-08-02 19:36:23.878355'),(500,'UNGUÍA',13,'2021-08-02 19:36:23.881595','2021-08-02 19:36:23.881595'),(501,'UNIÓN PANAMERICANA',13,'2021-08-02 19:36:23.884890','2021-08-02 19:36:23.884890'),(502,'AYAPEL',14,'2021-08-02 19:36:23.888148','2021-08-02 19:36:23.888148'),(503,'CANALETE',14,'2021-08-02 19:36:23.891462','2021-08-02 19:36:23.891462'),(504,'CERETÉ',14,'2021-08-02 19:36:23.894783','2021-08-02 19:36:23.894783'),(505,'CHIMA',14,'2021-08-02 19:36:23.898105','2021-08-02 19:36:23.898105'),(506,'CHINÚ',14,'2021-08-02 19:36:23.901277','2021-08-02 19:36:23.901277'),(507,'CIÉNAGA DE ORO',14,'2021-08-02 19:36:23.904583','2021-08-02 19:36:23.904583'),(508,'COTORRA',14,'2021-08-02 19:36:23.907783','2021-08-02 19:36:23.907783'),(509,'LA APARTADA',14,'2021-08-02 19:36:23.911104','2021-08-02 19:36:23.911104'),(510,'LORICA',14,'2021-08-02 19:36:23.914346','2021-08-02 19:36:23.914346'),(511,'LOS CÓRDOBAS',14,'2021-08-02 19:36:23.917534','2021-08-02 19:36:23.917534'),(512,'MOMIL',14,'2021-08-02 19:36:23.920766','2021-08-02 19:36:23.920766'),(513,'MOÑITOS',14,'2021-08-02 19:36:23.924005','2021-08-02 19:36:23.924005'),(514,'MONTELÍBANO',14,'2021-08-02 19:36:23.927317','2021-08-02 19:36:23.927317'),(515,'MONTERÍA',14,'2021-08-02 19:36:23.930535','2021-08-02 19:36:23.930535'),(516,'PLANETA RICA',14,'2021-08-02 19:36:23.933773','2021-08-02 19:36:23.933773'),(517,'PUEBLO NUEVO',14,'2021-08-02 19:36:23.936997','2021-08-02 19:36:23.936997'),(518,'PUERTO ESCONDIDO',14,'2021-08-02 19:36:23.940164','2021-08-02 19:36:23.940164'),(519,'PUERTO LIBERTADOR',14,'2021-08-02 19:36:23.943354','2021-08-02 19:36:23.943354'),(520,'PURÍSIMA',14,'2021-08-02 19:36:23.946586','2021-08-02 19:36:23.946586'),(521,'SAHAGÚN',14,'2021-08-02 19:36:23.949822','2021-08-02 19:36:23.949822'),(522,'SAN ANDRÉS DE SOTAVET0',14,'2021-08-02 19:36:23.953083','2021-08-02 19:36:23.953083'),(523,'SAN ANTERO',14,'2021-08-02 19:36:23.956315','2021-08-02 19:36:23.956315'),(524,'SAN BERNARDO DEL VIENTO',14,'2021-08-02 19:36:23.959576','2021-08-02 19:36:23.959576'),(525,'SAN JOSE DE URE',14,'2021-08-02 19:36:23.962738','2021-08-02 19:36:23.962738'),(526,'SAN PELAYO',14,'2021-08-02 19:36:23.965962','2021-08-02 19:36:23.965962'),(527,'TIERRALTA',14,'2021-08-02 19:36:23.969221','2021-08-02 19:36:23.969221'),(528,'TUCHIN',14,'2021-08-02 19:36:23.972481','2021-08-02 19:36:23.972481'),(529,'VALENCIA',14,'2021-08-02 19:36:23.975795','2021-08-02 19:36:23.975795'),(530,'ALBÁN',15,'2021-08-02 19:36:23.979051','2021-08-02 19:36:23.979051'),(531,'ANAPOIMA',15,'2021-08-02 19:36:23.982269','2021-08-02 19:36:23.982269'),(532,'ANOLAIMA',15,'2021-08-02 19:36:23.985435','2021-08-02 19:36:23.985435'),(533,'APULO',15,'2021-08-02 19:36:23.988750','2021-08-02 19:36:23.988750'),(534,'ARBELÁEZ',15,'2021-08-02 19:36:23.991943','2021-08-02 19:36:23.991943'),(535,'BELTRÁN',15,'2021-08-02 19:36:23.995139','2021-08-02 19:36:23.995139'),(536,'BITUIMA',15,'2021-08-02 19:36:23.998265','2021-08-02 19:36:23.998265'),(537,'BOJACÁ',15,'2021-08-02 19:36:24.001411','2021-08-02 19:36:24.001411'),(538,'CABRERA',15,'2021-08-02 19:36:24.004845','2021-08-02 19:36:24.004845'),(539,'CACHIPAY',15,'2021-08-02 19:36:24.008231','2021-08-02 19:36:24.008231'),(540,'CAJICÁ',15,'2021-08-02 19:36:24.011474','2021-08-02 19:36:24.011474'),(541,'CAPARRAPÍ',15,'2021-08-02 19:36:24.031395','2021-08-02 19:36:24.031395'),(542,'CÁQUEZA',15,'2021-08-02 19:36:24.034817','2021-08-02 19:36:24.034817'),(543,'CARMEN DE CARUPA',15,'2021-08-02 19:36:24.038068','2021-08-02 19:36:24.038068'),(544,'CHAGUANÍ',15,'2021-08-02 19:36:24.041274','2021-08-02 19:36:24.041274'),(545,'CHÍA',15,'2021-08-02 19:36:24.044527','2021-08-02 19:36:24.044527'),(546,'CHIPAQUE',15,'2021-08-02 19:36:24.047708','2021-08-02 19:36:24.047708'),(547,'CHOACHÍ',15,'2021-08-02 19:36:24.050945','2021-08-02 19:36:24.050945'),(548,'CHOCONTÁ',15,'2021-08-02 19:36:24.054093','2021-08-02 19:36:24.054093'),(549,'COGUA',15,'2021-08-02 19:36:24.057286','2021-08-02 19:36:24.057286'),(550,'COTA',15,'2021-08-02 19:36:24.060582','2021-08-02 19:36:24.060582'),(551,'CUCUNUBÁ',15,'2021-08-02 19:36:24.063650','2021-08-02 19:36:24.063650'),(552,'EL COLEGIO',15,'2021-08-02 19:36:24.076910','2021-08-02 19:36:24.076910'),(553,'EL ROSAL',15,'2021-08-02 19:36:24.080523','2021-08-02 19:36:24.080523'),(554,'FACATATIVÁ',15,'2021-08-02 19:36:24.083718','2021-08-02 19:36:24.083718'),(555,'FÓMEQUE',15,'2021-08-02 19:36:24.087064','2021-08-02 19:36:24.087064'),(556,'FOSCA',15,'2021-08-02 19:36:24.090505','2021-08-02 19:36:24.090505'),(557,'FUNZA',15,'2021-08-02 19:36:24.093731','2021-08-02 19:36:24.093731'),(558,'FÚQUENE',15,'2021-08-02 19:36:24.097076','2021-08-02 19:36:24.097076'),(559,'FUSAGASUGÁ',15,'2021-08-02 19:36:24.100331','2021-08-02 19:36:24.100331'),(560,'GACHALÁ',15,'2021-08-02 19:36:24.103804','2021-08-02 19:36:24.103804'),(561,'GACHANCIPÁ',15,'2021-08-02 19:36:24.107148','2021-08-02 19:36:24.107148'),(562,'GACHETÁ',15,'2021-08-02 19:36:24.110439','2021-08-02 19:36:24.110439'),(563,'GAMA',15,'2021-08-02 19:36:24.113818','2021-08-02 19:36:24.113818'),(564,'GIRARDOT',15,'2021-08-02 19:36:24.117214','2021-08-02 19:36:24.117214'),(565,'GUACHETÁ',15,'2021-08-02 19:36:24.120933','2021-08-02 19:36:24.120933'),(566,'GUADUAS',15,'2021-08-02 19:36:24.124394','2021-08-02 19:36:24.124394'),(567,'GUASCA',15,'2021-08-02 19:36:24.127742','2021-08-02 19:36:24.127742'),(568,'GUATAQUÍ',15,'2021-08-02 19:36:24.131196','2021-08-02 19:36:24.131196'),(569,'GUATAVITA',15,'2021-08-02 19:36:24.134462','2021-08-02 19:36:24.134462'),(570,'GUAYABAL DE SÍQUIMA',15,'2021-08-02 19:36:24.137747','2021-08-02 19:36:24.137747'),(571,'GUAYABETAL',15,'2021-08-02 19:36:24.141001','2021-08-02 19:36:24.141001'),(572,'GUTIÉRREZ',15,'2021-08-02 19:36:24.144221','2021-08-02 19:36:24.144221'),(573,'JERUSALÉN',15,'2021-08-02 19:36:24.147538','2021-08-02 19:36:24.147538'),(574,'JUNÍN',15,'2021-08-02 19:36:24.150876','2021-08-02 19:36:24.150876'),(575,'LA CALERA',15,'2021-08-02 19:36:24.154187','2021-08-02 19:36:24.154187'),(576,'LA MESA',15,'2021-08-02 19:36:24.157403','2021-08-02 19:36:24.157403'),(577,'LA PALMA',15,'2021-08-02 19:36:24.160651','2021-08-02 19:36:24.160651'),(578,'LA PEÑA',15,'2021-08-02 19:36:24.163906','2021-08-02 19:36:24.163906'),(579,'LENGUAZAQUE',15,'2021-08-02 19:36:24.184161','2021-08-02 19:36:24.184161'),(580,'MACHETÁ',15,'2021-08-02 19:36:24.187707','2021-08-02 19:36:24.187707'),(581,'MADRID',15,'2021-08-02 19:36:24.191270','2021-08-02 19:36:24.191270'),(582,'MANTA',15,'2021-08-02 19:36:24.194588','2021-08-02 19:36:24.194588'),(583,'MEDINA',15,'2021-08-02 19:36:24.197936','2021-08-02 19:36:24.197936'),(584,'MOSQUERA',15,'2021-08-02 19:36:24.201697','2021-08-02 19:36:24.201697'),(585,'NEMOCÓN',15,'2021-08-02 19:36:24.205352','2021-08-02 19:36:24.205352'),(586,'NILO',15,'2021-08-02 19:36:24.208858','2021-08-02 19:36:24.208858'),(587,'NIMAIMA',15,'2021-08-02 19:36:24.212410','2021-08-02 19:36:24.212410'),(588,'NOCAIMA',15,'2021-08-02 19:36:24.215816','2021-08-02 19:36:24.215816'),(589,'PACHO',15,'2021-08-02 19:36:24.220520','2021-08-02 19:36:24.220520'),(590,'PAIME',15,'2021-08-02 19:36:24.223941','2021-08-02 19:36:24.223941'),(591,'PANDI',15,'2021-08-02 19:36:24.227292','2021-08-02 19:36:24.227292'),(592,'PARATEBUENO',15,'2021-08-02 19:36:24.230645','2021-08-02 19:36:24.230645'),(593,'PASCA',15,'2021-08-02 19:36:24.234003','2021-08-02 19:36:24.234003'),(594,'PUERTO SALGAR',15,'2021-08-02 19:36:24.237226','2021-08-02 19:36:24.237226'),(595,'PULÍ',15,'2021-08-02 19:36:24.240616','2021-08-02 19:36:24.240616'),(596,'QUEBRADANEGRA',15,'2021-08-02 19:36:24.243842','2021-08-02 19:36:24.243842'),(597,'QUETAME',15,'2021-08-02 19:36:24.249836','2021-08-02 19:36:24.249836'),(598,'QUÍPILE',15,'2021-08-02 19:36:24.253196','2021-08-02 19:36:24.253196'),(599,'SAN ANTONIO DE TEQUENDAMA',15,'2021-08-02 19:36:24.256516','2021-08-02 19:36:24.256516'),(600,'SAN JUAN DE RIOSECO',15,'2021-08-02 19:36:24.260024','2021-08-02 19:36:24.260024'),(601,'SASAIMA',15,'2021-08-02 19:36:24.263447','2021-08-02 19:36:24.263447'),(602,'SESQUILÉ',15,'2021-08-02 19:36:24.266842','2021-08-02 19:36:24.266842'),(603,'SIBATÉ',15,'2021-08-02 19:36:24.270283','2021-08-02 19:36:24.270283'),(604,'SILVANIA',15,'2021-08-02 19:36:24.273720','2021-08-02 19:36:24.273720'),(605,'SIMIJACA',15,'2021-08-02 19:36:24.277172','2021-08-02 19:36:24.277172'),(606,'SOACHA',15,'2021-08-02 19:36:24.280441','2021-08-02 19:36:24.280441'),(607,'SOPÓ',15,'2021-08-02 19:36:24.283700','2021-08-02 19:36:24.283700'),(608,'SUBACHOQUE',15,'2021-08-02 19:36:24.286951','2021-08-02 19:36:24.286951'),(609,'SUESCA',15,'2021-08-02 19:36:24.290199','2021-08-02 19:36:24.290199'),(610,'SUPATÁ',15,'2021-08-02 19:36:24.293523','2021-08-02 19:36:24.293523'),(611,'SUSA',15,'2021-08-02 19:36:24.296808','2021-08-02 19:36:24.296808'),(612,'SUTATAUSA',15,'2021-08-02 19:36:24.299942','2021-08-02 19:36:24.299942'),(613,'TABIO',15,'2021-08-02 19:36:24.303142','2021-08-02 19:36:24.303142'),(614,'TAUSA',15,'2021-08-02 19:36:24.306337','2021-08-02 19:36:24.306337'),(615,'TENA',15,'2021-08-02 19:36:24.309594','2021-08-02 19:36:24.309594'),(616,'TENJO',15,'2021-08-02 19:36:24.312830','2021-08-02 19:36:24.312830'),(617,'TIBACUY',15,'2021-08-02 19:36:24.317842','2021-08-02 19:36:24.317842'),(618,'TIBIRITA',15,'2021-08-02 19:36:24.321028','2021-08-02 19:36:24.321028'),(619,'TOCAIMA',15,'2021-08-02 19:36:24.327789','2021-08-02 19:36:24.327789'),(620,'TOCANCIPÁ',15,'2021-08-02 19:36:24.331051','2021-08-02 19:36:24.331051'),(621,'TOPAIPÍ',15,'2021-08-02 19:36:24.334313','2021-08-02 19:36:24.334313'),(622,'UBALÁ',15,'2021-08-02 19:36:24.337464','2021-08-02 19:36:24.337464'),(623,'UBAQUE',15,'2021-08-02 19:36:24.340560','2021-08-02 19:36:24.340560'),(624,'UBATÉ',15,'2021-08-02 19:36:24.343706','2021-08-02 19:36:24.343706'),(625,'UNE',15,'2021-08-02 19:36:24.357263','2021-08-02 19:36:24.357263'),(626,'ÚTICA',15,'2021-08-02 19:36:24.360868','2021-08-02 19:36:24.360868'),(627,'VERGARA',15,'2021-08-02 19:36:24.366360','2021-08-02 19:36:24.366360'),(628,'VIANÍ',15,'2021-08-02 19:36:24.369719','2021-08-02 19:36:24.369719'),(629,'VILLAGÓMEZ',15,'2021-08-02 19:36:24.373021','2021-08-02 19:36:24.373021'),(630,'VILLAPINZÓN',15,'2021-08-02 19:36:24.376391','2021-08-02 19:36:24.376391'),(631,'VILLETA',15,'2021-08-02 19:36:24.379686','2021-08-02 19:36:24.379686'),(632,'VIOTÁ',15,'2021-08-02 19:36:24.383000','2021-08-02 19:36:24.383000'),(633,'YACOPÍ',15,'2021-08-02 19:36:24.389104','2021-08-02 19:36:24.389104'),(634,'ZIPACÓN',15,'2021-08-02 19:36:24.392375','2021-08-02 19:36:24.392375'),(635,'ZIPAQUIRA',15,'2021-08-02 19:36:24.395618','2021-08-02 19:36:24.395618'),(636,'BARRANCO MINAS',16,'2021-08-02 19:36:24.398974','2021-08-02 19:36:24.398974'),(637,'CACAHUAL',16,'2021-08-02 19:36:24.402276','2021-08-02 19:36:24.402276'),(638,'INÍRIDA',16,'2021-08-02 19:36:24.405575','2021-08-02 19:36:24.405575'),(639,'LA GUADALUPE',16,'2021-08-02 19:36:24.408851','2021-08-02 19:36:24.408851'),(640,'MAPIRIPANA',16,'2021-08-02 19:36:24.412093','2021-08-02 19:36:24.412093'),(641,'MORICHAL NUEVO',16,'2021-08-02 19:36:24.415351','2021-08-02 19:36:24.415351'),(642,'PANA PANA',16,'2021-08-02 19:36:24.418587','2021-08-02 19:36:24.418587'),(643,'SAN FELIPE',16,'2021-08-02 19:36:24.421842','2021-08-02 19:36:24.421842'),(644,'EL RETORNO',17,'2021-08-02 19:36:24.425184','2021-08-02 19:36:24.425184'),(645,'SAN JOSÉ DEL GUAVIARE',17,'2021-08-02 19:36:24.428501','2021-08-02 19:36:24.428501'),(646,'ACEVEDO',18,'2021-08-02 19:36:24.431792','2021-08-02 19:36:24.431792'),(647,'AGRADO',18,'2021-08-02 19:36:24.435006','2021-08-02 19:36:24.435006'),(648,'AIPE',18,'2021-08-02 19:36:24.440488','2021-08-02 19:36:24.440488'),(649,'ALGECIRAS',18,'2021-08-02 19:36:24.443794','2021-08-02 19:36:24.443794'),(650,'ALTAMIRA',18,'2021-08-02 19:36:24.447148','2021-08-02 19:36:24.447148'),(651,'BARAYA',18,'2021-08-02 19:36:24.450466','2021-08-02 19:36:24.450466'),(652,'CAMPOALEGRE',18,'2021-08-02 19:36:24.453779','2021-08-02 19:36:24.453779'),(653,'COLOMBIA',18,'2021-08-02 19:36:24.459642','2021-08-02 19:36:24.459642'),(654,'ELÍAS',18,'2021-08-02 19:36:24.462985','2021-08-02 19:36:24.462985'),(655,'GARZÓN',18,'2021-08-02 19:36:24.466288','2021-08-02 19:36:24.466288'),(656,'GIGANTE',18,'2021-08-02 19:36:24.469642','2021-08-02 19:36:24.469642'),(657,'HOBO',18,'2021-08-02 19:36:24.472826','2021-08-02 19:36:24.472826'),(658,'IQUIRA',18,'2021-08-02 19:36:24.476151','2021-08-02 19:36:24.476151'),(659,'ISNOS',18,'2021-08-02 19:36:24.479322','2021-08-02 19:36:24.479322'),(660,'LA ARGENTINA',18,'2021-08-02 19:36:24.482560','2021-08-02 19:36:24.482560'),(661,'LA PLATA',18,'2021-08-02 19:36:24.485873','2021-08-02 19:36:24.485873'),(662,'NÁTAGA',18,'2021-08-02 19:36:24.489201','2021-08-02 19:36:24.489201'),(663,'NEIVA',18,'2021-08-02 19:36:24.492471','2021-08-02 19:36:24.492471'),(664,'OPORAPA',18,'2021-08-02 19:36:24.495706','2021-08-02 19:36:24.495706'),(665,'PAICOL',18,'2021-08-02 19:36:24.499027','2021-08-02 19:36:24.499027'),(666,'PALERMO',18,'2021-08-02 19:36:24.502319','2021-08-02 19:36:24.502319'),(667,'PITAL',18,'2021-08-02 19:36:24.505711','2021-08-02 19:36:24.505711'),(668,'PITALITO',18,'2021-08-02 19:36:24.509028','2021-08-02 19:36:24.509028'),(669,'RIVERA',18,'2021-08-02 19:36:24.512310','2021-08-02 19:36:24.512310'),(670,'SALADOBLANCO',18,'2021-08-02 19:36:24.515611','2021-08-02 19:36:24.515611'),(671,'SAN AGUSTÍN',18,'2021-08-02 19:36:24.519033','2021-08-02 19:36:24.519033'),(672,'SUAZA',18,'2021-08-02 19:36:24.522600','2021-08-02 19:36:24.522600'),(673,'TARQUI',18,'2021-08-02 19:36:24.526083','2021-08-02 19:36:24.526083'),(674,'TELLO',18,'2021-08-02 19:36:24.529429','2021-08-02 19:36:24.529429'),(675,'TERUEL',18,'2021-08-02 19:36:24.532685','2021-08-02 19:36:24.532685'),(676,'TESALIA',18,'2021-08-02 19:36:24.535953','2021-08-02 19:36:24.535953'),(677,'TIMANÁ',18,'2021-08-02 19:36:24.539270','2021-08-02 19:36:24.539270'),(678,'VILLAVIEJA',18,'2021-08-02 19:36:24.542523','2021-08-02 19:36:24.542523'),(679,'YAGUARÁ',18,'2021-08-02 19:36:24.545799','2021-08-02 19:36:24.545799'),(680,'BARRANCAS',19,'2021-08-02 19:36:24.549028','2021-08-02 19:36:24.549028'),(681,'DIBULLA',19,'2021-08-02 19:36:24.552349','2021-08-02 19:36:24.552349'),(682,'DISTRACCION',19,'2021-08-02 19:36:24.555543','2021-08-02 19:36:24.555543'),(683,'EL MOLINO',19,'2021-08-02 19:36:24.558739','2021-08-02 19:36:24.558739'),(684,'FONSECA',19,'2021-08-02 19:36:24.561970','2021-08-02 19:36:24.561970'),(685,'HATONUEVO',19,'2021-08-02 19:36:24.565202','2021-08-02 19:36:24.565202'),(686,'LA JAGUA DEL PILAR',19,'2021-08-02 19:36:24.568433','2021-08-02 19:36:24.568433'),(687,'MAICAO',19,'2021-08-02 19:36:24.571742','2021-08-02 19:36:24.571742'),(688,'RIOHACHA',19,'2021-08-02 19:36:24.575019','2021-08-02 19:36:24.575019'),(689,'SAN JUAN DEL CESAR',19,'2021-08-02 19:36:24.578310','2021-08-02 19:36:24.578310'),(690,'URIBIA',19,'2021-08-02 19:36:24.581655','2021-08-02 19:36:24.581655'),(691,'URUMITA',19,'2021-08-02 19:36:24.584883','2021-08-02 19:36:24.584883'),(692,'ALGARROBO',20,'2021-08-02 19:36:24.588123','2021-08-02 19:36:24.588123'),(693,'ARACATACA',20,'2021-08-02 19:36:24.591297','2021-08-02 19:36:24.591297'),(694,'ARIGUANÍ',20,'2021-08-02 19:36:24.594502','2021-08-02 19:36:24.594502'),(695,'CERRO SAN ANTONIO',20,'2021-08-02 19:36:24.602177','2021-08-02 19:36:24.602177'),(696,'CHIVOLÓ',20,'2021-08-02 19:36:24.605494','2021-08-02 19:36:24.605494'),(697,'CIÉNAGA',20,'2021-08-02 19:36:24.608652','2021-08-02 19:36:24.608652'),(698,'CONCORDIA',20,'2021-08-02 19:36:24.622208','2021-08-02 19:36:24.622208'),(699,'EL BANCO',20,'2021-08-02 19:36:24.626539','2021-08-02 19:36:24.626539'),(700,'EL PIÑÓN',20,'2021-08-02 19:36:24.629972','2021-08-02 19:36:24.629972'),(701,'EL RETÉN',20,'2021-08-02 19:36:24.633336','2021-08-02 19:36:24.633336'),(702,'FUNDACIÓN',20,'2021-08-02 19:36:24.636630','2021-08-02 19:36:24.636630'),(703,'GUAMAL',20,'2021-08-02 19:36:24.639938','2021-08-02 19:36:24.639938'),(704,'NUEVA GRANADA',20,'2021-08-02 19:36:24.643207','2021-08-02 19:36:24.643207'),(705,'PEDRAZA',20,'2021-08-02 19:36:24.646611','2021-08-02 19:36:24.646611'),(706,'PIJINO DEL CARMEN',20,'2021-08-02 19:36:24.649863','2021-08-02 19:36:24.649863'),(707,'PIVIJAY',20,'2021-08-02 19:36:24.653169','2021-08-02 19:36:24.653169'),(708,'PLATO',20,'2021-08-02 19:36:24.656422','2021-08-02 19:36:24.656422'),(709,'PUEBLOVIEJO',20,'2021-08-02 19:36:24.659794','2021-08-02 19:36:24.659794'),(710,'REMOLINO',20,'2021-08-02 19:36:24.663124','2021-08-02 19:36:24.663124'),(711,'SABANAS DE SAN ÁNGEL',20,'2021-08-02 19:36:24.666379','2021-08-02 19:36:24.666379'),(712,'SAN SEBASTIÁN DE BUENAVISTA',20,'2021-08-02 19:36:24.669599','2021-08-02 19:36:24.669599'),(713,'SAN ZENÓN',20,'2021-08-02 19:36:24.672821','2021-08-02 19:36:24.672821'),(714,'SANTA ANA',20,'2021-08-02 19:36:24.677777','2021-08-02 19:36:24.677777'),(715,'SANTA BARBARA DE PINTO',20,'2021-08-02 19:36:24.681163','2021-08-02 19:36:24.681163'),(716,'SANTA MARTA',20,'2021-08-02 19:36:24.685331','2021-08-02 19:36:24.685331'),(717,'SITIONUEVO',20,'2021-08-02 19:36:24.688584','2021-08-02 19:36:24.688584'),(718,'TENERIFE',20,'2021-08-02 19:36:24.691757','2021-08-02 19:36:24.691757'),(719,'ZAPAYÁN',20,'2021-08-02 19:36:24.695080','2021-08-02 19:36:24.695080'),(720,'ZONA BANANERA',20,'2021-08-02 19:36:24.700892','2021-08-02 19:36:24.700892'),(721,'ACACÍAS',21,'2021-08-02 19:36:24.704222','2021-08-02 19:36:24.704222'),(722,'BARRANCA DE UPÍA',21,'2021-08-02 19:36:24.707613','2021-08-02 19:36:24.707613'),(723,'CABUYARO',21,'2021-08-02 19:36:24.711067','2021-08-02 19:36:24.711067'),(724,'CASTILLA LA NUEVA',21,'2021-08-02 19:36:24.714324','2021-08-02 19:36:24.714324'),(725,'CUBARRAL',21,'2021-08-02 19:36:24.717587','2021-08-02 19:36:24.717587'),(726,'CUMARAL',21,'2021-08-02 19:36:24.720877','2021-08-02 19:36:24.720877'),(727,'EL CALVARIO',21,'2021-08-02 19:36:24.724118','2021-08-02 19:36:24.724118'),(728,'EL CASTILLO',21,'2021-08-02 19:36:24.727323','2021-08-02 19:36:24.727323'),(729,'EL DORADO',21,'2021-08-02 19:36:24.730753','2021-08-02 19:36:24.730753'),(730,'FUENTE DE ORO',21,'2021-08-02 19:36:24.733942','2021-08-02 19:36:24.733942'),(731,'LA MACARENA',21,'2021-08-02 19:36:24.737093','2021-08-02 19:36:24.737093'),(732,'LEJANÍAS',21,'2021-08-02 19:36:24.740186','2021-08-02 19:36:24.740186'),(733,'MAPIRIPÁN',21,'2021-08-02 19:36:24.743417','2021-08-02 19:36:24.743417'),(734,'MESETAS',21,'2021-08-02 19:36:24.746563','2021-08-02 19:36:24.746563'),(735,'PUERTO CONCORDIA',21,'2021-08-02 19:36:24.749803','2021-08-02 19:36:24.749803'),(736,'PUERTO GAITÁN',21,'2021-08-02 19:36:24.752829','2021-08-02 19:36:24.752829'),(737,'PUERTO LLERAS',21,'2021-08-02 19:36:24.756012','2021-08-02 19:36:24.756012'),(738,'PUERTO LÓPEZ',21,'2021-08-02 19:36:24.759147','2021-08-02 19:36:24.759147'),(739,'SAN CARLOS DE GUAROA',21,'2021-08-02 19:36:24.762337','2021-08-02 19:36:24.762337'),(740,'SAN JUAN DE ARAMA',21,'2021-08-02 19:36:24.765492','2021-08-02 19:36:24.765492'),(741,'SAN JUANITO',21,'2021-08-02 19:36:24.768660','2021-08-02 19:36:24.768660'),(742,'SAN MARTÍN',21,'2021-08-02 19:36:24.777194','2021-08-02 19:36:24.777194'),(743,'URIBE',21,'2021-08-02 19:36:24.780555','2021-08-02 19:36:24.780555'),(744,'VILLAVICENCIO',21,'2021-08-02 19:36:24.783709','2021-08-02 19:36:24.783709'),(745,'VISTA HERMOSA',21,'2021-08-02 19:36:24.787277','2021-08-02 19:36:24.787277'),(746,'ALDANA',22,'2021-08-02 19:36:24.790468','2021-08-02 19:36:24.790468'),(747,'ANCUYÁ',22,'2021-08-02 19:36:24.793866','2021-08-02 19:36:24.793866'),(748,'ARBOLEDA',22,'2021-08-02 19:36:24.797035','2021-08-02 19:36:24.797035'),(749,'BARBACOAS',22,'2021-08-02 19:36:24.800405','2021-08-02 19:36:24.800405'),(750,'BUESACO',22,'2021-08-02 19:36:24.803576','2021-08-02 19:36:24.803576'),(751,'CHACHAGUÍ',22,'2021-08-02 19:36:24.806731','2021-08-02 19:36:24.806731'),(752,'COLÓN',22,'2021-08-02 19:36:24.809899','2021-08-02 19:36:24.809899'),(753,'CONSACÁ',22,'2021-08-02 19:36:24.813060','2021-08-02 19:36:24.813060'),(754,'CONTADERO',22,'2021-08-02 19:36:24.816256','2021-08-02 19:36:24.816256'),(755,'CUASPUD',22,'2021-08-02 19:36:24.819469','2021-08-02 19:36:24.819469'),(756,'CUMBAL',22,'2021-08-02 19:36:24.822691','2021-08-02 19:36:24.822691'),(757,'CUMBITARA',22,'2021-08-02 19:36:24.840719','2021-08-02 19:36:24.840719'),(758,'EL CHARCO',22,'2021-08-02 19:36:24.844121','2021-08-02 19:36:24.844121'),(759,'EL PEÑOL',22,'2021-08-02 19:36:24.847275','2021-08-02 19:36:24.847275'),(760,'EL ROSARIO',22,'2021-08-02 19:36:24.850950','2021-08-02 19:36:24.850950'),(761,'EL TABLÓN',22,'2021-08-02 19:36:24.854178','2021-08-02 19:36:24.854178'),(762,'FRANCISCO PIZARRO',22,'2021-08-02 19:36:24.857433','2021-08-02 19:36:24.857433'),(763,'FUNES',22,'2021-08-02 19:36:24.860541','2021-08-02 19:36:24.860541'),(764,'GUACHUCAL',22,'2021-08-02 19:36:24.863731','2021-08-02 19:36:24.863731'),(765,'GUAITARILLA',22,'2021-08-02 19:36:24.866995','2021-08-02 19:36:24.866995'),(766,'GUALMATÁN',22,'2021-08-02 19:36:24.870275','2021-08-02 19:36:24.870275'),(767,'ILES',22,'2021-08-02 19:36:24.873678','2021-08-02 19:36:24.873678'),(768,'IMUÉS',22,'2021-08-02 19:36:24.876981','2021-08-02 19:36:24.876981'),(769,'IPIALES',22,'2021-08-02 19:36:24.880206','2021-08-02 19:36:24.880206'),(770,'LA CRUZ',22,'2021-08-02 19:36:24.892168','2021-08-02 19:36:24.892168'),(771,'LA FLORIDA',22,'2021-08-02 19:36:24.896930','2021-08-02 19:36:24.896930'),(772,'LA LLANADA',22,'2021-08-02 19:36:24.904460','2021-08-02 19:36:24.904460'),(773,'LA TOLA',22,'2021-08-02 19:36:24.907702','2021-08-02 19:36:24.907702'),(774,'LEIVA',22,'2021-08-02 19:36:24.911170','2021-08-02 19:36:24.911170'),(775,'LINARES',22,'2021-08-02 19:36:24.914413','2021-08-02 19:36:24.914413'),(776,'LOS ANDES',22,'2021-08-02 19:36:24.917716','2021-08-02 19:36:24.917716'),(777,'MAGUÍ',22,'2021-08-02 19:36:24.921022','2021-08-02 19:36:24.921022'),(778,'MALLAMA',22,'2021-08-02 19:36:24.924345','2021-08-02 19:36:24.924345'),(779,'OLAYA HERRERA',22,'2021-08-02 19:36:24.927669','2021-08-02 19:36:24.927669'),(780,'OSPINA',22,'2021-08-02 19:36:24.931127','2021-08-02 19:36:24.931127'),(781,'PASTO',22,'2021-08-02 19:36:24.934433','2021-08-02 19:36:24.934433'),(782,'POLICARPA',22,'2021-08-02 19:36:24.937800','2021-08-02 19:36:24.937800'),(783,'POTOSÍ',22,'2021-08-02 19:36:24.941056','2021-08-02 19:36:24.941056'),(784,'PROVIDENCIA',22,'2021-08-02 19:36:24.944344','2021-08-02 19:36:24.944344'),(785,'PUERRES',22,'2021-08-02 19:36:24.947736','2021-08-02 19:36:24.947736'),(786,'PUPIALES',22,'2021-08-02 19:36:24.951088','2021-08-02 19:36:24.951088'),(787,'RICAURTE',22,'2021-08-02 19:36:24.954377','2021-08-02 19:36:24.954377'),(788,'ROBERTO PAYÁN',22,'2021-08-02 19:36:24.957850','2021-08-02 19:36:24.957850'),(789,'SAMANIEGO',22,'2021-08-02 19:36:24.961189','2021-08-02 19:36:24.961189'),(790,'SAN BERNARDO',22,'2021-08-02 19:36:24.964503','2021-08-02 19:36:24.964503'),(791,'SAN LORENZO',22,'2021-08-02 19:36:24.967734','2021-08-02 19:36:24.967734'),(792,'SAN PEDRO DE CARTAGO',22,'2021-08-02 19:36:24.971028','2021-08-02 19:36:24.971028'),(793,'SANDONÁ',22,'2021-08-02 19:36:24.974359','2021-08-02 19:36:24.974359'),(794,'SANTA BÁRBARA',22,'2021-08-02 19:36:24.980981','2021-08-02 19:36:24.980981'),(795,'SANTA CRUZ',22,'2021-08-02 19:36:24.984374','2021-08-02 19:36:24.984374'),(796,'SAPUYES',22,'2021-08-02 19:36:24.987792','2021-08-02 19:36:24.987792'),(797,'TAMINANGO',22,'2021-08-02 19:36:24.991106','2021-08-02 19:36:24.991106'),(798,'TANGUA',22,'2021-08-02 19:36:24.994467','2021-08-02 19:36:24.994467'),(799,'TUMACO',22,'2021-08-02 19:36:24.997790','2021-08-02 19:36:24.997790'),(800,'TÚQUERRES',22,'2021-08-02 19:36:25.001143','2021-08-02 19:36:25.001143'),(801,'YACUANQUER',22,'2021-08-02 19:36:25.004639','2021-08-02 19:36:25.004639'),(802,'ÁBREGO',23,'2021-08-02 19:36:25.007942','2021-08-02 19:36:25.007942'),(803,'ARBOLEDAS',23,'2021-08-02 19:36:25.011138','2021-08-02 19:36:25.011138'),(804,'BOCHALEMA',23,'2021-08-02 19:36:25.014357','2021-08-02 19:36:25.014357'),(805,'BUCARASICA',23,'2021-08-02 19:36:25.017743','2021-08-02 19:36:25.017743'),(806,'CÁCHIRA',23,'2021-08-02 19:36:25.021094','2021-08-02 19:36:25.021094'),(807,'CÁCOTA',23,'2021-08-02 19:36:25.024594','2021-08-02 19:36:25.024594'),(808,'CHINÁCOTA',23,'2021-08-02 19:36:25.028132','2021-08-02 19:36:25.028132'),(809,'CHITAGÁ',23,'2021-08-02 19:36:25.031322','2021-08-02 19:36:25.031322'),(810,'CONVENCIÓN',23,'2021-08-02 19:36:25.034583','2021-08-02 19:36:25.034583'),(811,'CÚCUTA',23,'2021-08-02 19:36:25.037866','2021-08-02 19:36:25.037866'),(812,'CUCUTILLA',23,'2021-08-02 19:36:25.041145','2021-08-02 19:36:25.041145'),(813,'DURANIA',23,'2021-08-02 19:36:25.044476','2021-08-02 19:36:25.044476'),(814,'EL CARMEN',23,'2021-08-02 19:36:25.047710','2021-08-02 19:36:25.047710'),(815,'EL TARRA',23,'2021-08-02 19:36:25.051013','2021-08-02 19:36:25.051013'),(816,'EL ZULIA',23,'2021-08-02 19:36:25.054219','2021-08-02 19:36:25.054219'),(817,'GRAMALOTE',23,'2021-08-02 19:36:25.057625','2021-08-02 19:36:25.057625'),(818,'HACARÍ',23,'2021-08-02 19:36:25.060907','2021-08-02 19:36:25.060907'),(819,'HERRÁN',23,'2021-08-02 19:36:25.064704','2021-08-02 19:36:25.064704'),(820,'LA ESPERANZA',23,'2021-08-02 19:36:25.067912','2021-08-02 19:36:25.067912'),(821,'LA PLAYA',23,'2021-08-02 19:36:25.071132','2021-08-02 19:36:25.071132'),(822,'LABATECA',23,'2021-08-02 19:36:25.074425','2021-08-02 19:36:25.074425'),(823,'LOS PATIOS',23,'2021-08-02 19:36:25.077690','2021-08-02 19:36:25.077690'),(824,'LOURDES',23,'2021-08-02 19:36:25.080967','2021-08-02 19:36:25.080967'),(825,'MUTISCUA',23,'2021-08-02 19:36:25.084307','2021-08-02 19:36:25.084307'),(826,'OCAÑA',23,'2021-08-02 19:36:25.087507','2021-08-02 19:36:25.087507'),(827,'PAMPLONA',23,'2021-08-02 19:36:25.090852','2021-08-02 19:36:25.090852'),(828,'PAMPLONITA',23,'2021-08-02 19:36:25.094150','2021-08-02 19:36:25.094150'),(829,'RAGONVALIA',23,'2021-08-02 19:36:25.097360','2021-08-02 19:36:25.097360'),(830,'SALAZAR',23,'2021-08-02 19:36:25.100679','2021-08-02 19:36:25.100679'),(831,'SAN CALIXTO',23,'2021-08-02 19:36:25.103975','2021-08-02 19:36:25.103975'),(832,'SAN CAYETANO',23,'2021-08-02 19:36:25.107201','2021-08-02 19:36:25.107201'),(833,'SANTIAGO',23,'2021-08-02 19:36:25.110461','2021-08-02 19:36:25.110461'),(834,'SARDINATA',23,'2021-08-02 19:36:25.113729','2021-08-02 19:36:25.113729'),(835,'SILOS',23,'2021-08-02 19:36:25.117017','2021-08-02 19:36:25.117017'),(836,'TEORAMA',23,'2021-08-02 19:36:25.120180','2021-08-02 19:36:25.120180'),(837,'TIBÚ',23,'2021-08-02 19:36:25.123505','2021-08-02 19:36:25.123505'),(838,'VILLA CARO',23,'2021-08-02 19:36:25.126725','2021-08-02 19:36:25.126725'),(839,'VILLA DEL ROSARIO',23,'2021-08-02 19:36:25.133247','2021-08-02 19:36:25.133247'),(840,'MOCOA',24,'2021-08-02 19:36:25.136777','2021-08-02 19:36:25.136777'),(841,'ORITO',24,'2021-08-02 19:36:25.140151','2021-08-02 19:36:25.140151'),(842,'PUERTO ASÍS',24,'2021-08-02 19:36:25.143553','2021-08-02 19:36:25.143553'),(843,'PUERTO CAICEDO',24,'2021-08-02 19:36:25.158083','2021-08-02 19:36:25.158083'),(844,'PUERTO GUZMÁN',24,'2021-08-02 19:36:25.161727','2021-08-02 19:36:25.161727'),(845,'PUERTO LEGUÍZAMO',24,'2021-08-02 19:36:25.165441','2021-08-02 19:36:25.165441'),(846,'SIBUNDOY',24,'2021-08-02 19:36:25.168901','2021-08-02 19:36:25.168901'),(847,'VALLE DEL GUAMUEZ',24,'2021-08-02 19:36:25.172485','2021-08-02 19:36:25.172485'),(848,'VILLAGARZÓN',24,'2021-08-02 19:36:25.176025','2021-08-02 19:36:25.176025'),(849,'CALARCÁ',25,'2021-08-02 19:36:25.179442','2021-08-02 19:36:25.179442'),(850,'CIRCASIA',25,'2021-08-02 19:36:25.182930','2021-08-02 19:36:25.182930'),(851,'FILANDIA',25,'2021-08-02 19:36:25.186454','2021-08-02 19:36:25.186454'),(852,'GÉNOVA',25,'2021-08-02 19:36:25.189876','2021-08-02 19:36:25.189876'),(853,'LA TEBAIDA',25,'2021-08-02 19:36:25.193280','2021-08-02 19:36:25.193280'),(854,'MONTENEGRO',25,'2021-08-02 19:36:25.196633','2021-08-02 19:36:25.196633'),(855,'PIJAO',25,'2021-08-02 19:36:25.200155','2021-08-02 19:36:25.200155'),(856,'QUIMBAYA',25,'2021-08-02 19:36:25.203608','2021-08-02 19:36:25.203608'),(857,'SALENTO',25,'2021-08-02 19:36:25.207000','2021-08-02 19:36:25.207000'),(858,'APÍA',26,'2021-08-02 19:36:25.210395','2021-08-02 19:36:25.210395'),(859,'BALBOA',26,'2021-08-02 19:36:25.213715','2021-08-02 19:36:25.213715'),(860,'BELÉN DE UMBRÍA',26,'2021-08-02 19:36:25.217186','2021-08-02 19:36:25.217186'),(861,'DOS QUEBRADAS',26,'2021-08-02 19:36:25.220585','2021-08-02 19:36:25.220585'),(862,'GUÁTICA',26,'2021-08-02 19:36:25.223997','2021-08-02 19:36:25.223997'),(863,'LA CELIA',26,'2021-08-02 19:36:25.227378','2021-08-02 19:36:25.227378'),(864,'LA VIRGINIA',26,'2021-08-02 19:36:25.230865','2021-08-02 19:36:25.230865'),(865,'MARSELLA',26,'2021-08-02 19:36:25.254423','2021-08-02 19:36:25.254423'),(866,'MISTRATÓ',26,'2021-08-02 19:36:25.258309','2021-08-02 19:36:25.258309'),(867,'PEREIRA',26,'2021-08-02 19:36:25.261779','2021-08-02 19:36:25.261779'),(868,'PUEBLO RICO',26,'2021-08-02 19:36:25.267222','2021-08-02 19:36:25.267222'),(869,'QUINCHÍA',26,'2021-08-02 19:36:25.270605','2021-08-02 19:36:25.270605'),(870,'SANTA ROSA DE CABAL',26,'2021-08-02 19:36:25.273913','2021-08-02 19:36:25.273913'),(871,'SANTUARIO',26,'2021-08-02 19:36:25.277390','2021-08-02 19:36:25.277390'),(872,'AGUADA',27,'2021-08-02 19:36:25.280674','2021-08-02 19:36:25.280674'),(873,'ARATOCA',27,'2021-08-02 19:36:25.283879','2021-08-02 19:36:25.283879'),(874,'BARICHARA',27,'2021-08-02 19:36:25.287025','2021-08-02 19:36:25.287025'),(875,'BARRANCABERMEJA',27,'2021-08-02 19:36:25.291910','2021-08-02 19:36:25.291910'),(876,'BOLÍVAR',27,'2021-08-02 19:36:25.295167','2021-08-02 19:36:25.295167'),(877,'BUCARAMANGA',27,'2021-08-02 19:36:25.298751','2021-08-02 19:36:25.298751'),(878,'CALIFORNIA',27,'2021-08-02 19:36:25.302075','2021-08-02 19:36:25.302075'),(879,'CAPITANEJO',27,'2021-08-02 19:36:25.305359','2021-08-02 19:36:25.305359'),(880,'CARCASÍ',27,'2021-08-02 19:36:25.308673','2021-08-02 19:36:25.308673'),(881,'CEPITÁ',27,'2021-08-02 19:36:25.311842','2021-08-02 19:36:25.311842'),(882,'CERRITO',27,'2021-08-02 19:36:25.315046','2021-08-02 19:36:25.315046'),(883,'CHARALÁ',27,'2021-08-02 19:36:25.318312','2021-08-02 19:36:25.318312'),(884,'CHARTA',27,'2021-08-02 19:36:25.321589','2021-08-02 19:36:25.321589'),(885,'CHIPATÁ',27,'2021-08-02 19:36:25.324685','2021-08-02 19:36:25.324685'),(886,'CIMITARRA',27,'2021-08-02 19:36:25.327815','2021-08-02 19:36:25.327815'),(887,'CONCEPCIÓN',27,'2021-08-02 19:36:25.330968','2021-08-02 19:36:25.330968'),(888,'CONFINES',27,'2021-08-02 19:36:25.334158','2021-08-02 19:36:25.334158'),(889,'CONTRATACIÓN',27,'2021-08-02 19:36:25.337294','2021-08-02 19:36:25.337294'),(890,'COROMORO',27,'2021-08-02 19:36:25.340546','2021-08-02 19:36:25.340546'),(891,'CURITÍ',27,'2021-08-02 19:36:25.343858','2021-08-02 19:36:25.343858'),(892,'EL CARMEN DE CHUCURÍ',27,'2021-08-02 19:36:25.347151','2021-08-02 19:36:25.347151'),(893,'EL FLORIÁN',27,'2021-08-02 19:36:25.350512','2021-08-02 19:36:25.350512'),(894,'EL GUACAMAYO',27,'2021-08-02 19:36:25.353789','2021-08-02 19:36:25.353789'),(895,'EL PLAYÓN',27,'2021-08-02 19:36:25.357074','2021-08-02 19:36:25.357074'),(896,'ENCINO',27,'2021-08-02 19:36:25.360356','2021-08-02 19:36:25.360356'),(897,'ENCISO',27,'2021-08-02 19:36:25.363624','2021-08-02 19:36:25.363624'),(898,'FLORIDABLANCA',27,'2021-08-02 19:36:25.367017','2021-08-02 19:36:25.367017'),(899,'GALÁN',27,'2021-08-02 19:36:25.370891','2021-08-02 19:36:25.370891'),(900,'GÁMBITA',27,'2021-08-02 19:36:25.374344','2021-08-02 19:36:25.374344'),(901,'GIRÓN',27,'2021-08-02 19:36:25.377687','2021-08-02 19:36:25.377687'),(902,'GUACA',27,'2021-08-02 19:36:25.381049','2021-08-02 19:36:25.381049'),(903,'GUAPOTÁ',27,'2021-08-02 19:36:25.384304','2021-08-02 19:36:25.384304'),(904,'GUAVATÁ',27,'2021-08-02 19:36:25.387911','2021-08-02 19:36:25.387911'),(905,'GUEPSA',27,'2021-08-02 19:36:25.391258','2021-08-02 19:36:25.391258'),(906,'HATO',27,'2021-08-02 19:36:25.394602','2021-08-02 19:36:25.394602'),(907,'JESÚS MARÍA',27,'2021-08-02 19:36:25.398148','2021-08-02 19:36:25.398148'),(908,'JORDÁN',27,'2021-08-02 19:36:25.403051','2021-08-02 19:36:25.403051'),(909,'LA BELLEZA',27,'2021-08-02 19:36:25.406216','2021-08-02 19:36:25.406216'),(910,'LANDÁZURI',27,'2021-08-02 19:36:25.409436','2021-08-02 19:36:25.409436'),(911,'LEBRIJA',27,'2021-08-02 19:36:25.412725','2021-08-02 19:36:25.412725'),(912,'LOS SANTOS',27,'2021-08-02 19:36:25.415995','2021-08-02 19:36:25.415995'),(913,'MACARAVITA',27,'2021-08-02 19:36:25.419145','2021-08-02 19:36:25.419145'),(914,'MÁLAGA',27,'2021-08-02 19:36:25.422379','2021-08-02 19:36:25.422379'),(915,'MATANZA',27,'2021-08-02 19:36:25.434599','2021-08-02 19:36:25.434599'),(916,'MOGOTES',27,'2021-08-02 19:36:25.440137','2021-08-02 19:36:25.440137'),(917,'MOLAGAVITA',27,'2021-08-02 19:36:25.443580','2021-08-02 19:36:25.443580'),(918,'OCAMONTE',27,'2021-08-02 19:36:25.446972','2021-08-02 19:36:25.446972'),(919,'OIBA',27,'2021-08-02 19:36:25.450344','2021-08-02 19:36:25.450344'),(920,'ONZAGA',27,'2021-08-02 19:36:25.457405','2021-08-02 19:36:25.457405'),(921,'PALMAR',27,'2021-08-02 19:36:25.462763','2021-08-02 19:36:25.462763'),(922,'PALMAS DEL SOCORRO',27,'2021-08-02 19:36:25.466387','2021-08-02 19:36:25.466387'),(923,'PÁRAMO',27,'2021-08-02 19:36:25.469941','2021-08-02 19:36:25.469941'),(924,'PIEDECUESTA',27,'2021-08-02 19:36:25.473474','2021-08-02 19:36:25.473474'),(925,'PINCHOTE',27,'2021-08-02 19:36:25.476840','2021-08-02 19:36:25.476840'),(926,'PUENTE NACIONAL',27,'2021-08-02 19:36:25.480244','2021-08-02 19:36:25.480244'),(927,'PUERTO PARRA',27,'2021-08-02 19:36:25.483608','2021-08-02 19:36:25.483608'),(928,'PUERTO WILCHES',27,'2021-08-02 19:36:25.486945','2021-08-02 19:36:25.486945'),(929,'SABANA DE TORRES',27,'2021-08-02 19:36:25.490386','2021-08-02 19:36:25.490386'),(930,'SAN ANDRÉS',27,'2021-08-02 19:36:25.493726','2021-08-02 19:36:25.493726'),(931,'SAN BENITO',27,'2021-08-02 19:36:25.497022','2021-08-02 19:36:25.497022'),(932,'SAN GIL',27,'2021-08-02 19:36:25.500378','2021-08-02 19:36:25.500378'),(933,'SAN JOAQUÍN',27,'2021-08-02 19:36:25.503745','2021-08-02 19:36:25.503745'),(934,'SAN JOSÉ DE MIRANDA',27,'2021-08-02 19:36:25.507075','2021-08-02 19:36:25.507075'),(935,'SAN MIGUEL',27,'2021-08-02 19:36:25.510423','2021-08-02 19:36:25.510423'),(936,'SAN VICENTE DE CHUCURÍ',27,'2021-08-02 19:36:25.513755','2021-08-02 19:36:25.513755'),(937,'SANTA BÁRBARA',27,'2021-08-02 19:36:25.517034','2021-08-02 19:36:25.517034'),(938,'SANTA HELENA DEL OPÓN',27,'2021-08-02 19:36:25.520274','2021-08-02 19:36:25.520274'),(939,'SIMACOTA',27,'2021-08-02 19:36:25.523545','2021-08-02 19:36:25.523545'),(940,'SOCORRO',27,'2021-08-02 19:36:25.526803','2021-08-02 19:36:25.526803'),(941,'SUAITA',27,'2021-08-02 19:36:25.530063','2021-08-02 19:36:25.530063'),(942,'SURATÁ',27,'2021-08-02 19:36:25.533462','2021-08-02 19:36:25.533462'),(943,'TONA',27,'2021-08-02 19:36:25.536810','2021-08-02 19:36:25.536810'),(944,'VALLE DE SAN JOSÉ',27,'2021-08-02 19:36:25.540004','2021-08-02 19:36:25.540004'),(945,'VÉLEZ',27,'2021-08-02 19:36:25.543197','2021-08-02 19:36:25.543197'),(946,'VETAS',27,'2021-08-02 19:36:25.546426','2021-08-02 19:36:25.546426'),(947,'ZAPATOCA',27,'2021-08-02 19:36:25.549636','2021-08-02 19:36:25.549636'),(948,'SAN ANDRÉS',28,'2021-08-02 19:36:25.552808','2021-08-02 19:36:25.552808'),(949,'DESCONOCIDO',29,'2021-08-02 19:36:25.556073','2021-08-02 19:36:25.556073'),(950,'CAIMITO',30,'2021-08-02 19:36:25.559271','2021-08-02 19:36:25.559271'),(951,'CHALÁN',30,'2021-08-02 19:36:25.562646','2021-08-02 19:36:25.562646'),(952,'COLOSÓ',30,'2021-08-02 19:36:25.565930','2021-08-02 19:36:25.565930'),(953,'COROZAL',30,'2021-08-02 19:36:25.569133','2021-08-02 19:36:25.569133'),(954,'COVEÑAS',30,'2021-08-02 19:36:25.572283','2021-08-02 19:36:25.572283'),(955,'EL ROBLE',30,'2021-08-02 19:36:25.575579','2021-08-02 19:36:25.575579'),(956,'GALERAS',30,'2021-08-02 19:36:25.578884','2021-08-02 19:36:25.578884'),(957,'GUARANDA',30,'2021-08-02 19:36:25.582118','2021-08-02 19:36:25.582118'),(958,'LOS PALMITOS',30,'2021-08-02 19:36:25.585448','2021-08-02 19:36:25.585448'),(959,'MAJAGUAL',30,'2021-08-02 19:36:25.588739','2021-08-02 19:36:25.588739'),(960,'MORROA',30,'2021-08-02 19:36:25.591957','2021-08-02 19:36:25.591957'),(961,'OVEJAS',30,'2021-08-02 19:36:25.595673','2021-08-02 19:36:25.595673'),(962,'PALMITO',30,'2021-08-02 19:36:25.598915','2021-08-02 19:36:25.598915'),(963,'SAMPUÉS',30,'2021-08-02 19:36:25.602154','2021-08-02 19:36:25.602154'),(964,'SAN BENITO ABAD',30,'2021-08-02 19:36:25.605419','2021-08-02 19:36:25.605419'),(965,'SAN JUAN BETULIA',30,'2021-08-02 19:36:25.608650','2021-08-02 19:36:25.608650'),(966,'SAN MARCOS',30,'2021-08-02 19:36:25.611866','2021-08-02 19:36:25.611866'),(967,'SAN ONOFRE',30,'2021-08-02 19:36:25.615069','2021-08-02 19:36:25.615069'),(968,'SINCÉ',30,'2021-08-02 19:36:25.618339','2021-08-02 19:36:25.618339'),(969,'SINCELEJO',30,'2021-08-02 19:36:25.621604','2021-08-02 19:36:25.621604'),(970,'TOLÚ',30,'2021-08-02 19:36:25.624892','2021-08-02 19:36:25.624892'),(971,'TOLUVIEJO',30,'2021-08-02 19:36:25.628218','2021-08-02 19:36:25.628218'),(972,'ALPUJARRA',31,'2021-08-02 19:36:25.631559','2021-08-02 19:36:25.631559'),(973,'ALVARADO',31,'2021-08-02 19:36:25.634801','2021-08-02 19:36:25.634801'),(974,'AMBALEMA',31,'2021-08-02 19:36:25.637983','2021-08-02 19:36:25.637983'),(975,'ANZOÁTEGUI',31,'2021-08-02 19:36:25.641249','2021-08-02 19:36:25.641249'),(976,'ARMERO',31,'2021-08-02 19:36:25.644548','2021-08-02 19:36:25.644548'),(977,'ATACO',31,'2021-08-02 19:36:25.647860','2021-08-02 19:36:25.647860'),(978,'CAJAMARCA',31,'2021-08-02 19:36:25.651068','2021-08-02 19:36:25.651068'),(979,'CARMEN APICALÁ',31,'2021-08-02 19:36:25.654338','2021-08-02 19:36:25.654338'),(980,'CASABIANCA',31,'2021-08-02 19:36:25.657655','2021-08-02 19:36:25.657655'),(981,'CHAPARRAL',31,'2021-08-02 19:36:25.660972','2021-08-02 19:36:25.660972'),(982,'COELLO',31,'2021-08-02 19:36:25.664259','2021-08-02 19:36:25.664259'),(983,'COYAIMA',31,'2021-08-02 19:36:25.667495','2021-08-02 19:36:25.667495'),(984,'CUNDAY',31,'2021-08-02 19:36:25.670775','2021-08-02 19:36:25.670775'),(985,'DOLORES',31,'2021-08-02 19:36:25.673959','2021-08-02 19:36:25.673959'),(986,'ESPINAL',31,'2021-08-02 19:36:25.677200','2021-08-02 19:36:25.677200'),(987,'FALÁN',31,'2021-08-02 19:36:25.680410','2021-08-02 19:36:25.680410'),(988,'FLANDES',31,'2021-08-02 19:36:25.694591','2021-08-02 19:36:25.694591'),(989,'FRESNO',31,'2021-08-02 19:36:25.698068','2021-08-02 19:36:25.698068'),(990,'GUAMO',31,'2021-08-02 19:36:25.701408','2021-08-02 19:36:25.701408'),(991,'HERVEO',31,'2021-08-02 19:36:25.704867','2021-08-02 19:36:25.704867'),(992,'HONDA',31,'2021-08-02 19:36:25.708345','2021-08-02 19:36:25.708345'),(993,'IBAGUÉ',31,'2021-08-02 19:36:25.711603','2021-08-02 19:36:25.711603'),(994,'ICONONZO',31,'2021-08-02 19:36:25.715069','2021-08-02 19:36:25.715069'),(995,'LÉRIDA',31,'2021-08-02 19:36:25.718420','2021-08-02 19:36:25.718420'),(996,'LÍBANO',31,'2021-08-02 19:36:25.721739','2021-08-02 19:36:25.721739'),(997,'MARIQUITA',31,'2021-08-02 19:36:25.725138','2021-08-02 19:36:25.725138'),(998,'MELGAR',31,'2021-08-02 19:36:25.728513','2021-08-02 19:36:25.728513'),(999,'MURILLO',31,'2021-08-02 19:36:25.731867','2021-08-02 19:36:25.731867'),(1000,'NATAGAIMA',31,'2021-08-02 19:36:25.735170','2021-08-02 19:36:25.735170'),(1001,'ORTEGA',31,'2021-08-02 19:36:25.738515','2021-08-02 19:36:25.738515'),(1002,'PALO CABILDO',31,'2021-08-02 19:36:25.741777','2021-08-02 19:36:25.741777'),(1003,'PIEDRAS',31,'2021-08-02 19:36:25.745147','2021-08-02 19:36:25.745147'),(1004,'PLANADAS',31,'2021-08-02 19:36:25.748423','2021-08-02 19:36:25.748423'),(1005,'PRADO',31,'2021-08-02 19:36:25.751794','2021-08-02 19:36:25.751794'),(1006,'PURIFICACIÓN',31,'2021-08-02 19:36:25.755106','2021-08-02 19:36:25.755106'),(1007,'RIOBLANCO',31,'2021-08-02 19:36:25.758422','2021-08-02 19:36:25.758422'),(1008,'RONCESVALLES',31,'2021-08-02 19:36:25.761925','2021-08-02 19:36:25.761925'),(1009,'ROVIRA',31,'2021-08-02 19:36:25.765410','2021-08-02 19:36:25.765410'),(1010,'SALDAÑA',31,'2021-08-02 19:36:25.768894','2021-08-02 19:36:25.768894'),(1011,'SAN ANTONIO',31,'2021-08-02 19:36:25.772225','2021-08-02 19:36:25.772225'),(1012,'SANTA ISABEL',31,'2021-08-02 19:36:25.775494','2021-08-02 19:36:25.775494'),(1013,'VALLE DE SAN JUAN',31,'2021-08-02 19:36:25.778903','2021-08-02 19:36:25.778903'),(1014,'VENADILLO',31,'2021-08-02 19:36:25.782297','2021-08-02 19:36:25.782297'),(1015,'VILLAHERMOSA',31,'2021-08-02 19:36:25.785560','2021-08-02 19:36:25.785560'),(1016,'VILLARRICA',31,'2021-08-02 19:36:25.789087','2021-08-02 19:36:25.789087'),(1017,'ALCALÁ',32,'2021-08-02 19:36:25.792282','2021-08-02 19:36:25.792282'),(1018,'ANDALUCÍA',32,'2021-08-02 19:36:25.795520','2021-08-02 19:36:25.795520'),(1019,'ANSERMANUEVO',32,'2021-08-02 19:36:25.798769','2021-08-02 19:36:25.798769'),(1020,'BUENAVENTURA',32,'2021-08-02 19:36:25.802037','2021-08-02 19:36:25.802037'),(1021,'BUGA',32,'2021-08-02 19:36:25.805354','2021-08-02 19:36:25.805354'),(1022,'BUGALAGRANDE',32,'2021-08-02 19:36:25.808645','2021-08-02 19:36:25.808645'),(1023,'CAICEDONIA',32,'2021-08-02 19:36:25.811912','2021-08-02 19:36:25.811912'),(1024,'CALI',32,'2021-08-02 19:36:25.815100','2021-08-02 19:36:25.815100'),(1025,'CALIMA',32,'2021-08-02 19:36:25.819183','2021-08-02 19:36:25.819183'),(1026,'CARTAGO',32,'2021-08-02 19:36:25.822453','2021-08-02 19:36:25.822453'),(1027,'DAGUA',32,'2021-08-02 19:36:25.825684','2021-08-02 19:36:25.825684'),(1028,'EL ÁGUILA',32,'2021-08-02 19:36:25.829040','2021-08-02 19:36:25.829040'),(1029,'EL CAIRO',32,'2021-08-02 19:36:25.832274','2021-08-02 19:36:25.832274'),(1030,'EL CERRITO',32,'2021-08-02 19:36:25.835509','2021-08-02 19:36:25.835509'),(1031,'EL DOVIO',32,'2021-08-02 19:36:25.838857','2021-08-02 19:36:25.838857'),(1032,'FLORIDA',32,'2021-08-02 19:36:25.842083','2021-08-02 19:36:25.842083'),(1033,'GINEBRA',32,'2021-08-02 19:36:25.845424','2021-08-02 19:36:25.845424'),(1034,'GUACARÍ',32,'2021-08-02 19:36:25.848649','2021-08-02 19:36:25.848649'),(1035,'JAMUNDÍ',32,'2021-08-02 19:36:25.851867','2021-08-02 19:36:25.851867'),(1036,'LA CUMBRE',32,'2021-08-02 19:36:25.855201','2021-08-02 19:36:25.855201'),(1037,'OBANDO',32,'2021-08-02 19:36:25.858517','2021-08-02 19:36:25.858517'),(1038,'PALMIRA',32,'2021-08-02 19:36:25.861736','2021-08-02 19:36:25.861736'),(1039,'PRADERA',32,'2021-08-02 19:36:25.864942','2021-08-02 19:36:25.864942'),(1040,'RESTREPO',32,'2021-08-02 19:36:25.868177','2021-08-02 19:36:25.868177'),(1041,'RIOFRÍO',32,'2021-08-02 19:36:25.871408','2021-08-02 19:36:25.871408'),(1042,'ROLDANILLO',32,'2021-08-02 19:36:25.877317','2021-08-02 19:36:25.877317'),(1043,'SEVILLA',32,'2021-08-02 19:36:25.880682','2021-08-02 19:36:25.880682'),(1044,'TORO',32,'2021-08-02 19:36:25.883990','2021-08-02 19:36:25.883990'),(1045,'TRUJILLO',32,'2021-08-02 19:36:25.887418','2021-08-02 19:36:25.887418'),(1046,'TULUÁ',32,'2021-08-02 19:36:25.890741','2021-08-02 19:36:25.890741'),(1047,'ULLOA',32,'2021-08-02 19:36:25.893935','2021-08-02 19:36:25.893935'),(1048,'VERSALLES',32,'2021-08-02 19:36:25.897449','2021-08-02 19:36:25.897449'),(1049,'VIJES',32,'2021-08-02 19:36:25.900650','2021-08-02 19:36:25.900650'),(1050,'YOTOCO',32,'2021-08-02 19:36:25.903887','2021-08-02 19:36:25.903887'),(1051,'YUMBO',32,'2021-08-02 19:36:25.907052','2021-08-02 19:36:25.907052'),(1052,'ZARZAL',32,'2021-08-02 19:36:25.910204','2021-08-02 19:36:25.910204'),(1053,'CARURU',33,'2021-08-02 19:36:25.913383','2021-08-02 19:36:25.913383'),(1054,'MITÚ',33,'2021-08-02 19:36:25.917069','2021-08-02 19:36:25.917069'),(1055,'PACOA',33,'2021-08-02 19:36:25.920169','2021-08-02 19:36:25.920169'),(1056,'PAPUNAHUA',33,'2021-08-02 19:36:25.923396','2021-08-02 19:36:25.923396'),(1057,'TARAIRA',33,'2021-08-02 19:36:25.926590','2021-08-02 19:36:25.926590'),(1058,'YAVARATÉ',33,'2021-08-02 19:36:25.929777','2021-08-02 19:36:25.929777'),(1059,'CUMARIBO',34,'2021-08-02 19:36:25.933064','2021-08-02 19:36:25.933064'),(1060,'LA PRIMAVERA',34,'2021-08-02 19:36:25.945528','2021-08-02 19:36:25.945528'),(1061,'PUERTO CARREÑO',34,'2021-08-02 19:36:25.951393','2021-08-02 19:36:25.951393'),(1062,'SANTA ROSALÍA',34,'2021-08-02 19:36:25.954853','2021-08-02 19:36:25.954853');
/*!40000 ALTER TABLE `cities` ENABLE KEYS */;
UNLOCK TABLES;

--
-- Table structure for table `contacts`
--

DROP TABLE IF EXISTS `contacts`;
/*!40101 SET @saved_cs_client     = @@character_set_client */;
/*!40101 SET character_set_client = utf8 */;
CREATE TABLE `contacts` (
  `id` bigint NOT NULL AUTO_INCREMENT,
  `name` varchar(255) DEFAULT NULL,
  `direccion` varchar(255) DEFAULT NULL,
  `edificio` varchar(255) DEFAULT NULL,
  `ciudad` varchar(255) DEFAULT NULL,
  `telefono` varchar(255) DEFAULT NULL,
  `email` varchar(255) DEFAULT NULL,
  `created_at` datetime(6) NOT NULL,
  `updated_at` datetime(6) NOT NULL,
  PRIMARY KEY (`id`)
) ENGINE=InnoDB AUTO_INCREMENT=2 DEFAULT CHARSET=utf8mb4;
/*!40101 SET character_set_client = @saved_cs_client */;

--
-- Dumping data for table `contacts`
--

LOCK TABLES `contacts` WRITE;
/*!40000 ALTER TABLE `contacts` DISABLE KEYS */;
INSERT INTO `contacts` VALUES (1,'Fundación Prolongar','Calle 95 # 11A-37 oficina 402','Edificio Oxford Center P.H','Bogotá, Colombia','+57 322 348 8279','asistente@fundacionprolongar.org','2021-08-02 22:01:41.231708','2021-08-02 22:05:53.272733');
/*!40000 ALTER TABLE `contacts` ENABLE KEYS */;
UNLOCK TABLES;

--
-- Table structure for table `departments`
--

DROP TABLE IF EXISTS `departments`;
/*!40101 SET @saved_cs_client     = @@character_set_client */;
/*!40101 SET character_set_client = utf8 */;
CREATE TABLE `departments` (
  `id` bigint NOT NULL AUTO_INCREMENT,
  `department` varchar(255) DEFAULT NULL,
  `created_at` datetime(6) NOT NULL,
  `updated_at` datetime(6) NOT NULL,
  PRIMARY KEY (`id`)
) ENGINE=InnoDB AUTO_INCREMENT=35 DEFAULT CHARSET=utf8mb4;
/*!40101 SET character_set_client = @saved_cs_client */;

--
-- Dumping data for table `departments`
--

LOCK TABLES `departments` WRITE;
/*!40000 ALTER TABLE `departments` DISABLE KEYS */;
INSERT INTO `departments` VALUES (1,'AMAZONAS','2021-08-02 19:36:21.865582','2021-08-02 19:36:21.865582'),(2,'ANTIOQUIA','2021-08-02 19:36:21.869454','2021-08-02 19:36:21.869454'),(3,'ARAUCA','2021-08-02 19:36:21.872619','2021-08-02 19:36:21.872619'),(4,'ATLANTICO','2021-08-02 19:36:21.875856','2021-08-02 19:36:21.875856'),(5,'BOGOTA','2021-08-02 19:36:21.878920','2021-08-02 19:36:21.878920'),(6,'BOLIVAR','2021-08-02 19:36:21.882219','2021-08-02 19:36:21.882219'),(7,'BOYACA','2021-08-02 19:36:21.902017','2021-08-02 19:36:21.902017'),(8,'CALDAS','2021-08-02 19:36:21.905413','2021-08-02 19:36:21.905413'),(9,'CAQUETA','2021-08-02 19:36:21.908720','2021-08-02 19:36:21.908720'),(10,'CASANARE','2021-08-02 19:36:21.912031','2021-08-02 19:36:21.912031'),(11,'CAUCA','2021-08-02 19:36:21.915274','2021-08-02 19:36:21.915274'),(12,'CESAR','2021-08-02 19:36:21.918478','2021-08-02 19:36:21.918478'),(13,'CHOCO','2021-08-02 19:36:21.921616','2021-08-02 19:36:21.921616'),(14,'CORDOBA','2021-08-02 19:36:21.924931','2021-08-02 19:36:21.924931'),(15,'CUNDINAMARCA','2021-08-02 19:36:21.928135','2021-08-02 19:36:21.928135'),(16,'GUAINIA','2021-08-02 19:36:21.933268','2021-08-02 19:36:21.933268'),(17,'GUAVIARE','2021-08-02 19:36:21.936542','2021-08-02 19:36:21.936542'),(18,'HUILA','2021-08-02 19:36:21.939921','2021-08-02 19:36:21.939921'),(19,'LA_GUAJIRA','2021-08-02 19:36:21.943116','2021-08-02 19:36:21.943116'),(20,'MAGDALENA','2021-08-02 19:36:21.946318','2021-08-02 19:36:21.946318'),(21,'META','2021-08-02 19:36:21.949593','2021-08-02 19:36:21.949593'),(22,'NARIÑO','2021-08-02 19:36:21.952853','2021-08-02 19:36:21.952853'),(23,'NORTE_DE_SANTANDER','2021-08-02 19:36:21.956047','2021-08-02 19:36:21.956047'),(24,'PUTUMAYO','2021-08-02 19:36:21.959328','2021-08-02 19:36:21.959328'),(25,'QUINDIO','2021-08-02 19:36:21.962503','2021-08-02 19:36:21.962503'),(26,'RISARALDA','2021-08-02 19:36:21.965610','2021-08-02 19:36:21.965610'),(27,'SAN_ANDRÉS_Y_PROVIDENCIA','2021-08-02 19:36:21.968909','2021-08-02 19:36:21.968909'),(28,'SANTANDER','2021-08-02 19:36:21.972354','2021-08-02 19:36:21.972354'),(29,'SIN DEFINIR','2021-08-02 19:36:21.975641','2021-08-02 19:36:21.975641'),(30,'SUCRE','2021-08-02 19:36:21.978899','2021-08-02 19:36:21.978899'),(31,'TOLIMA','2021-08-02 19:36:21.982165','2021-08-02 19:36:21.982165'),(32,'VALLE_DEL_CAUCA','2021-08-02 19:36:21.985374','2021-08-02 19:36:21.985374'),(33,'VAUPES','2021-08-02 19:36:21.988592','2021-08-02 19:36:21.988592'),(34,'VICHADA','2021-08-02 19:36:21.991684','2021-08-02 19:36:21.991684');
/*!40000 ALTER TABLE `departments` ENABLE KEYS */;
UNLOCK TABLES;

--
-- Table structure for table `genders`
--

DROP TABLE IF EXISTS `genders`;
/*!40101 SET @saved_cs_client     = @@character_set_client */;
/*!40101 SET character_set_client = utf8 */;
CREATE TABLE `genders` (
  `id` bigint NOT NULL AUTO_INCREMENT,
  `gender` varchar(255) DEFAULT NULL,
  `created_at` datetime(6) NOT NULL,
  `updated_at` datetime(6) NOT NULL,
  PRIMARY KEY (`id`)
) ENGINE=InnoDB AUTO_INCREMENT=4 DEFAULT CHARSET=utf8mb4;
/*!40101 SET character_set_client = @saved_cs_client */;

--
-- Dumping data for table `genders`
--

LOCK TABLES `genders` WRITE;
/*!40000 ALTER TABLE `genders` DISABLE KEYS */;
INSERT INTO `genders` VALUES (1,'Masculino','2021-08-02 19:36:25.978153','2021-08-02 19:36:25.978153'),(2,'Femenino','2021-08-02 19:36:25.981836','2021-08-02 19:36:25.981836'),(3,'Otro','2021-08-02 19:36:25.985278','2021-08-02 19:36:25.985278');
/*!40000 ALTER TABLE `genders` ENABLE KEYS */;
UNLOCK TABLES;

--
-- Table structure for table `home_banners`
--

DROP TABLE IF EXISTS `home_banners`;
/*!40101 SET @saved_cs_client     = @@character_set_client */;
/*!40101 SET character_set_client = utf8 */;
CREATE TABLE `home_banners` (
  `id` bigint NOT NULL AUTO_INCREMENT,
  `image` varchar(255) DEFAULT NULL,
  `order_banner` int DEFAULT NULL,
  `created_at` datetime(6) NOT NULL,
  `updated_at` datetime(6) NOT NULL,
  PRIMARY KEY (`id`)
) ENGINE=InnoDB DEFAULT CHARSET=utf8mb4;
/*!40101 SET character_set_client = @saved_cs_client */;

--
-- Dumping data for table `home_banners`
--

LOCK TABLES `home_banners` WRITE;
/*!40000 ALTER TABLE `home_banners` DISABLE KEYS */;
/*!40000 ALTER TABLE `home_banners` ENABLE KEYS */;
UNLOCK TABLES;

--
-- Table structure for table `menu_contents`
--

DROP TABLE IF EXISTS `menu_contents`;
/*!40101 SET @saved_cs_client     = @@character_set_client */;
/*!40101 SET character_set_client = utf8 */;
CREATE TABLE `menu_contents` (
  `id` bigint NOT NULL AUTO_INCREMENT,
  `name_page` varchar(255) DEFAULT NULL,
  `texto` text,
  `image` varchar(255) DEFAULT NULL,
  `created_at` datetime(6) NOT NULL,
  `updated_at` datetime(6) NOT NULL,
  PRIMARY KEY (`id`)
) ENGINE=InnoDB AUTO_INCREMENT=6 DEFAULT CHARSET=utf8mb4;
/*!40101 SET character_set_client = @saved_cs_client */;

--
-- Dumping data for table `menu_contents`
--

LOCK TABLES `menu_contents` WRITE;
/*!40000 ALTER TABLE `menu_contents` DISABLE KEYS */;
INSERT INTO `menu_contents` VALUES (1,'¿PARA QUÉ ES?','<p>Esta caja de herramientas se compone de una serie de<br />\r\n<span style=\"color:#2ecc71\">habilidades socioemocionales</span> que sirven para comprender<br />\r\nlas experiencias emocionales, relacionarse de manera<br />\r\nconstructiva con la diferencia, construir relaciones positivas<br />\r\ny transformar los estereotipos y prejuicios hacia las dem&aacute;s<br />\r\npersonas.<br />\r\nLas <span style=\"color:#2ecc71\">herramientas</span> que proponemos pueden impulsarla a<br />\r\ncambiar las respuestas habituales y autom&aacute;ticas, por<br />\r\nrespuestas que permiten tomar decisiones conscientes<br />\r\ny alcanzar objetivos alineados con su bienestar.</p>\r\n','/images_banner/2021-08-0317:22:32+0000_unnamed.jpg','2021-08-02 19:33:53.312079','2021-08-03 17:22:32.146278'),(2,'¿A QUIÉN VA DIRIGIDA?','<p>Las <strong>herramientas</strong> est&aacute;n dirigidas a quienes busquen<br />\r\nnuevos recursos y estrategias para el beneficio propio y<br />\r\nde las dem&aacute;s personas. Se trata de pr&aacute;cticas concretas<br />\r\ny l&uacute;dicas para utilizar en el d&iacute;a a d&iacute;a y que surgen de la<br />\r\nexperiencia basada en evidencia de la Fundaci&oacute;n en el<br />\r\npoder de los lenguajes creativos. Brindamos elementos<br />\r\n<strong>conceptuales y experienciales</strong> para la transformaci&oacute;n de<br />\r\nlas violencias en Colombia y Am&eacute;rica Latina.<br />\r\n<span style=\"color:#2ecc71\"><span style=\"font-size:20px\">&iexcl;Dese la oportunidad de vivirlo,<br />\r\npruebe y d&eacute;jese sorprender!</span></span></p>\r\n','/images_banner/2021-08-0317:22:47+0000_unnamed(1).jpg','2021-08-02 19:33:53.322971','2021-08-03 17:22:47.515137'),(3,'MODULOS',NULL,NULL,'2021-08-02 19:33:53.332754','2021-08-02 19:33:53.332754'),(4,'PRINCIPIOS','<p>Observe <span style=\"color:#2ecc71\">c&oacute;mo se prepara y dispone</span> usted al utilizar las<br />\r\nherramientas; recuerde que puede sacar un mayor provecho<br />\r\nsi usted reconoce que <span style=\"color:#2ecc71\">siempre es posible el cambio</span> en<br />\r\nusted y en otr@s (neuroplasticidad: la regeneraci&oacute;n del<br />\r\ncuerpo es un hecho qu&iacute;mico, org&aacute;nico)</p>\r\n\r\n<p><br />\r\nIndependientemente de si va utilizar estos ejercicios para<br />\r\nusted mismo o para facilitar un espacio con otras personas,<br />\r\nno deje pasar la oportunidad de <span style=\"color:#2ecc71\">vivirlos y experimentarlos.</span></p>\r\n\r\n<p><br />\r\nLINK LIBRO</p>\r\n','/images_banner/2021-08-0317:23:00+0000_unnamed(2).jpg','2021-08-02 19:33:53.341350','2021-08-03 17:23:00.923375'),(5,'KAS','<p>La <span style=\"color:#2ecc71\">Fundaci&oacute;n Konrad Adenauer &ndash;KAS-</span> es una fundaci&oacute;n pol&iacute;tica alemana que<br />\r\nlleva m&aacute;s de 50 a&ntilde;os en Colombia cooperando en el fortalecimiento de las<br />\r\ninstituciones democr&aacute;ticas, el fomento del respeto a los derechos humanos,<br />\r\nas&iacute; como en la promoci&oacute;n de la integraci&oacute;n regional, la formaci&oacute;n pol&iacute;tica y la<br />\r\nintegraci&oacute;n ciudadana activa.</p>\r\n\r\n<p><br />\r\nPara la <span style=\"color:#2ecc71\">KAS</span> el trabajo en las regiones es fundamental para aportar a la consolidaci&oacute;n<br />\r\nde la paz en Colombia. En este sentido, venimos impulsando iniciativas de paz<br />\r\ny construcci&oacute;n de memoria con el fin de dar a conocer la realidad del pa&iacute;s a<br />\r\ntrav&eacute;s de las voces de las comunidades.</p>\r\n\r\n<p><br />\r\nEn ese sentido, la promoci&oacute;n de iniciativas de construcci&oacute;n de paz ha estado<br />\r\nligada a nuestra labor desde nuestra llegada al pa&iacute;s. Nosotros creemos que<br />\r\nnuestra misi&oacute;n <span style=\"color:#2ecc71\">&ndash;el fortalecimiento de la democracia y del estado de derecho&ndash;</span> no<br />\r\nser&aacute;n posible del todo en la medida en que no se propicien escenarios de inclusi&oacute;n,<br />\r\nreparaci&oacute;n y digniﬁcaci&oacute;n de las v&iacute;ctimas y dem&aacute;s actores del conflicto.</p>\r\n\r\n<p><br />\r\nPues, en un panorama de posconflicto, una de las cosas m&aacute;s importantes es precisamente el objetivo del proyecto &ldquo;Arte para<br />\r\nReconstruir&rdquo;, transitar el camino de la reconciliaci&oacute;n. Con este proyecto, en el que cooperamos con la <span style=\"color:#2ecc71\">Fundaci&oacute;n Prolongar y<br />\r\nUSAID</span>, queremos sensibilizar y entregarle a la opini&oacute;n p&uacute;blica insumos que promuevan espacios de convivencia pac&iacute;ﬁca y perd&oacute;n.<br />\r\nUn proceso largo, sin duda, tambi&eacute;n complejo y doloroso, pero de gran importancia para toda la sociedad, m&aacute;s a&uacute;n en la coyuntura<br />\r\nhist&oacute;rica que atraviesa el pa&iacute;s.</p>\r\n\r\n<p><br />\r\nEn este contexto estamos convencidos de que herramientas como el arte pueden ser un veh&iacute;culo para que a trav&eacute;s del ejercicio<br />\r\nde hacer memoria se generen di&aacute;logos constructivos que preparen el terreno para intentar perdonar.</p>\r\n\r\n<p><br />\r\nEs de resaltar que con este ejercicio queremos digniﬁcar la memoria de v&iacute;ctimas civiles, de la <span style=\"color:#2ecc71\">Fuerza P&uacute;blica</span>, y personas en proceso<br />\r\nde reintegraci&oacute;n, todos sobrevivientes con discapacidades diversas, y quienes en muchas ocasiones se han sentido invisibilizadas.</p>\r\n\r\n<p><br />\r\nPor ello quisimos desarrollar siete historias visuales con testimonios de algunos de los participantes y que dan cuenta de su<br />\r\ntransformaci&oacute;n. Gracias a sus testimonios podemos advertir que para estos grupos la reparaci&oacute;n debe ser justa, sin diferencias<br />\r\ny sin discriminaci&oacute;n. Esto, porque m&aacute;s all&aacute; de las secuelas f&iacute;sicas quedan unas emocionales que son las m&aacute;s dif&iacute;ciles de superar<br />\r\ny por eso la necesidad de acompa&ntilde;ar ese proceso.</p>\r\n\r\n<p><br />\r\nEn ese sentido, desde la <span style=\"color:#2ecc71\">KAS</span>, queremos exaltar a todas las personas que participaron en esta iniciativa, valientes que nos prestaron<br />\r\nsus voces y le apostaron a la reconciliaci&oacute;n, y que con su historia de vida tambi&eacute;n han logrado sensibilizar y movilizar a la<br />\r\nciudadan&iacute;a.</p>\r\n\r\n<p><br />\r\nTambi&eacute;n agradecemos a todo el equipo de la <span style=\"color:#2ecc71\">Fundaci&oacute;n Prolongar, a Mar&iacute;a Elisa Pinto </span>su directora y por supuesto a <span style=\"color:#2ecc71\">USAID</span>.<br />\r\nGracias a su esfuerzo y compromiso fue posible realizar este proyecto.</p>\r\n\r\n<p><br />\r\nDe manera especial les invitamos a recorrer esta p&aacute;gina web, que contiene adem&aacute;s cinco recomendaciones para los formuladores<br />\r\nde pol&iacute;tica y otros actores del posacuerdo. Con este micrositio esperamos contribuir a aumentar la conciencia social alrededor<br />\r\nde esa tem&aacute;tica en el pa&iacute;s, as&iacute; como visibilizar y exaltar a las v&iacute;ctimas.</p>\r\n\r\n<p><br />\r\nSi bien, la decisi&oacute;n de perdonar es una decisi&oacute;n individual, estamos convencidos de que este proyecto ofrece una oportunidad<br />\r\npara que Colombia pueda trabajar a&uacute;n m&aacute;s en la reconstrucci&oacute;n de la verdad y la reconciliaci&oacute;n.</p>\r\n\r\n<p>&nbsp;</p>\r\n\r\n<p style=\"text-align:right\"><span style=\"font-size:20px\"><span style=\"color:#2ecc71\">Hubert Gehring<br />\r\nRepresentante de la KAS en Colombia</span></span></p>\r\n','/images_banner/2021-08-0319:27:31+0000_LogoKASInterna.png','2021-08-02 19:33:53.351332','2021-08-03 19:27:31.657903');
/*!40000 ALTER TABLE `menu_contents` ENABLE KEYS */;
UNLOCK TABLES;

--
-- Table structure for table `module_pages`
--

DROP TABLE IF EXISTS `module_pages`;
/*!40101 SET @saved_cs_client     = @@character_set_client */;
/*!40101 SET character_set_client = utf8 */;
CREATE TABLE `module_pages` (
  `id` bigint NOT NULL AUTO_INCREMENT,
  `name_module` varchar(255) DEFAULT NULL,
  `imagen_min` varchar(255) DEFAULT NULL,
  `description` text,
  `img_banner` varchar(255) DEFAULT NULL,
  `color_module` varchar(255) DEFAULT NULL,
  `created_at` datetime(6) NOT NULL,
  `updated_at` datetime(6) NOT NULL,
  PRIMARY KEY (`id`)
) ENGINE=InnoDB AUTO_INCREMENT=4 DEFAULT CHARSET=utf8mb4;
/*!40101 SET character_set_client = @saved_cs_client */;

--
-- Dumping data for table `module_pages`
--

LOCK TABLES `module_pages` WRITE;
/*!40000 ALTER TABLE `module_pages` DISABLE KEYS */;
INSERT INTO `module_pages` VALUES (1,'Prejuicios','/img_modules/2021-08-0222:06:59+0000_1-Prejuicios.jpg','¿Se he preguntado cómo afectan los prejuicios su vida y la de los demás?','/img_modules/2021-08-0315:55:14+0000_EncabezadoPrejuicios1366X330.png','#f20707','2021-08-02 20:51:23.033524','2021-08-04 17:23:14.107089'),(2,'Regulación de Emociones','/img_modules/2021-08-0313:38:13+0000_Encabezado_Modulo1366X330.jpg','¿Ha notado cómo las emociones moldean influencian sus comportamientos?','/img_modules/2021-08-0313:38:13+0000_Encabezado_Modulo1366X330.jpg','#000000','2021-08-03 13:38:13.959809','2021-08-04 17:25:20.568638'),(3,'Corporalidad','/img_modules/2021-08-0313:42:33+0000_RollOverCorporalidad1366X250.jpg','¿Y si le da la oportunidad al cuerpo?\r\n¿Y si su cuerpo acompaña el proceso?','/img_modules/2021-08-0315:56:05+0000_EncabezadoCorporalidad1366X330.png','#000000','2021-08-03 13:42:33.187408','2021-08-04 17:26:57.806600');
/*!40000 ALTER TABLE `module_pages` ENABLE KEYS */;
UNLOCK TABLES;

--
-- Table structure for table `schema_migrations`
--

DROP TABLE IF EXISTS `schema_migrations`;
/*!40101 SET @saved_cs_client     = @@character_set_client */;
/*!40101 SET character_set_client = utf8 */;
CREATE TABLE `schema_migrations` (
  `version` varchar(255) NOT NULL,
  PRIMARY KEY (`version`)
) ENGINE=InnoDB DEFAULT CHARSET=utf8mb4;
/*!40101 SET character_set_client = @saved_cs_client */;

--
-- Dumping data for table `schema_migrations`
--

LOCK TABLES `schema_migrations` WRITE;
/*!40000 ALTER TABLE `schema_migrations` DISABLE KEYS */;
INSERT INTO `schema_migrations` VALUES ('20210713173409'),('20210713173454'),('20210713173936'),('20210713202737'),('20210713203236'),('20210713203505'),('20210713203906'),('20210714220006'),('20210715142914'),('20210715165058'),('20210715211058'),('20210715211251'),('20210715211815'),('20210715214742'),('20210716154129'),('20210716194236'),('20210716195622'),('20210719163218'),('20210719163421'),('20210721151219'),('20210804151449');
/*!40000 ALTER TABLE `schema_migrations` ENABLE KEYS */;
UNLOCK TABLES;

--
-- Table structure for table `session_tokens`
--

DROP TABLE IF EXISTS `session_tokens`;
/*!40101 SET @saved_cs_client     = @@character_set_client */;
/*!40101 SET character_set_client = utf8 */;
CREATE TABLE `session_tokens` (
  `id` bigint NOT NULL AUTO_INCREMENT,
  `users_id` bigint NOT NULL,
  `token` varchar(255) DEFAULT NULL,
  `created_at` datetime(6) NOT NULL,
  `updated_at` datetime(6) NOT NULL,
  PRIMARY KEY (`id`),
  KEY `index_session_tokens_on_users_id` (`users_id`),
  CONSTRAINT `fk_rails_5496a9776f` FOREIGN KEY (`users_id`) REFERENCES `users` (`id`) ON DELETE CASCADE ON UPDATE CASCADE
) ENGINE=InnoDB AUTO_INCREMENT=47 DEFAULT CHARSET=utf8mb4;
/*!40101 SET character_set_client = @saved_cs_client */;

--
-- Dumping data for table `session_tokens`
--

LOCK TABLES `session_tokens` WRITE;
/*!40000 ALTER TABLE `session_tokens` DISABLE KEYS */;
INSERT INTO `session_tokens` VALUES (1,1,'0b24077123a675fe2b4362d94dbdf90ebfc67bb19803636b285b3e95550f18db','2021-08-02 20:58:24.449021','2021-08-02 22:00:37.367344'),(18,7,'d90859306867a7289d95f137055c202b49bbcfaf79bef8c15deb1be448c4e356','2021-08-03 23:39:23.557604','2021-08-03 23:58:38.422829'),(21,11,'ae5dd07c011b30633e2edcba0539ea7400b33716bc884da1d2601ff37398f454','2021-08-04 14:12:17.495002','2021-08-04 14:25:26.740873'),(24,13,'9993507680545d03d056ea6e000e30fc2d5037c1cc8c0762a84e58b4519295e5','2021-08-04 14:45:50.134059','2021-08-04 14:55:20.250391'),(40,2,'e7ec393e92a68c2cb95df02629111d59b1cda47d64aae80c95c809f27d55aa8e','2021-08-04 15:57:33.808283','2021-08-04 17:29:04.947669'),(44,15,'5aa9abb1ca21106b370929658573bb96b2d20d305f8a1f0ebb530d837c5b289e','2021-08-04 16:52:48.767762','2021-08-04 16:52:55.983803'),(45,5,'d0babba320639e0c8ecb166d2f7a1c1653a77c3509ba27962077a74d764dc23f','2021-08-04 16:59:17.167207','2021-08-04 16:59:35.671188'),(46,3,'bc4c2cf6643a1ac54a82e9eeef4e8b1769525fedc1116a2745449ca63137abff','2021-08-04 17:36:17.367463','2021-08-04 17:36:17.870986');
/*!40000 ALTER TABLE `session_tokens` ENABLE KEYS */;
UNLOCK TABLES;

--
-- Table structure for table `sub_module_page_dependences`
--

DROP TABLE IF EXISTS `sub_module_page_dependences`;
/*!40101 SET @saved_cs_client     = @@character_set_client */;
/*!40101 SET character_set_client = utf8 */;
CREATE TABLE `sub_module_page_dependences` (
  `id` bigint NOT NULL AUTO_INCREMENT,
  `sub_module_page_id` bigint NOT NULL,
  `dependence_id` bigint DEFAULT NULL,
  `created_at` datetime(6) NOT NULL,
  `updated_at` datetime(6) NOT NULL,
  PRIMARY KEY (`id`),
  KEY `index_sub_module_page_dependences_on_sub_module_page_id` (`sub_module_page_id`),
  KEY `fk_rails_e436789fe7` (`dependence_id`),
  CONSTRAINT `fk_rails_e436789fe7` FOREIGN KEY (`dependence_id`) REFERENCES `sub_module_pages` (`id`),
  CONSTRAINT `fk_rails_fee1aa63cc` FOREIGN KEY (`sub_module_page_id`) REFERENCES `sub_module_pages` (`id`) ON DELETE CASCADE ON UPDATE CASCADE
) ENGINE=InnoDB AUTO_INCREMENT=3 DEFAULT CHARSET=utf8mb4;
/*!40101 SET character_set_client = @saved_cs_client */;

--
-- Dumping data for table `sub_module_page_dependences`
--

LOCK TABLES `sub_module_page_dependences` WRITE;
/*!40000 ALTER TABLE `sub_module_page_dependences` DISABLE KEYS */;
INSERT INTO `sub_module_page_dependences` VALUES (2,3,2,'2021-08-04 16:58:35.158791','2021-08-04 16:58:35.158791');
/*!40000 ALTER TABLE `sub_module_page_dependences` ENABLE KEYS */;
UNLOCK TABLES;

--
-- Table structure for table `sub_module_page_has_users`
--

DROP TABLE IF EXISTS `sub_module_page_has_users`;
/*!40101 SET @saved_cs_client     = @@character_set_client */;
/*!40101 SET character_set_client = utf8 */;
CREATE TABLE `sub_module_page_has_users` (
  `id` bigint NOT NULL AUTO_INCREMENT,
  `sub_module_page_id` bigint NOT NULL,
  `user_id` bigint NOT NULL,
  `view_module` tinyint(1) DEFAULT NULL,
  `created_at` datetime(6) NOT NULL,
  `updated_at` datetime(6) NOT NULL,
  PRIMARY KEY (`id`),
  KEY `index_sub_module_page_has_users_on_sub_module_page_id` (`sub_module_page_id`),
  KEY `index_sub_module_page_has_users_on_user_id` (`user_id`),
  CONSTRAINT `fk_rails_81742df9b1` FOREIGN KEY (`sub_module_page_id`) REFERENCES `sub_module_pages` (`id`) ON DELETE CASCADE ON UPDATE CASCADE,
  CONSTRAINT `fk_rails_e5f964da6d` FOREIGN KEY (`user_id`) REFERENCES `users` (`id`) ON DELETE CASCADE ON UPDATE CASCADE
) ENGINE=InnoDB AUTO_INCREMENT=5 DEFAULT CHARSET=utf8mb4;
/*!40101 SET character_set_client = @saved_cs_client */;

--
-- Dumping data for table `sub_module_page_has_users`
--

LOCK TABLES `sub_module_page_has_users` WRITE;
/*!40000 ALTER TABLE `sub_module_page_has_users` DISABLE KEYS */;
INSERT INTO `sub_module_page_has_users` VALUES (1,2,2,1,'2021-08-03 22:11:21.793872','2021-08-04 15:10:01.921187'),(2,2,3,1,'2021-08-03 23:59:39.912814','2021-08-03 23:59:45.037760'),(3,2,13,1,'2021-08-04 14:47:08.488497','2021-08-04 14:47:08.488497'),(4,3,13,1,'2021-08-04 14:51:28.441684','2021-08-04 14:51:28.441684');
/*!40000 ALTER TABLE `sub_module_page_has_users` ENABLE KEYS */;
UNLOCK TABLES;

--
-- Table structure for table `sub_module_pages`
--

DROP TABLE IF EXISTS `sub_module_pages`;
/*!40101 SET @saved_cs_client     = @@character_set_client */;
/*!40101 SET character_set_client = utf8 */;
CREATE TABLE `sub_module_pages` (
  `id` bigint NOT NULL AUTO_INCREMENT,
  `module_page_id` bigint NOT NULL,
  `sub_module_name` varchar(255) DEFAULT NULL,
  `description` text,
  `link` varchar(255) DEFAULT NULL,
  `file_pdf` varchar(255) DEFAULT NULL,
  `content` text,
  `image_min` varchar(255) DEFAULT NULL,
  `created_at` datetime(6) NOT NULL,
  `updated_at` datetime(6) NOT NULL,
  PRIMARY KEY (`id`),
  KEY `index_sub_module_pages_on_module_page_id` (`module_page_id`),
  CONSTRAINT `fk_rails_36c2b1942a` FOREIGN KEY (`module_page_id`) REFERENCES `module_pages` (`id`) ON DELETE CASCADE ON UPDATE CASCADE
) ENGINE=InnoDB AUTO_INCREMENT=20 DEFAULT CHARSET=utf8mb4;
/*!40101 SET character_set_client = @saved_cs_client */;

--
-- Dumping data for table `sub_module_pages`
--

LOCK TABLES `sub_module_pages` WRITE;
/*!40000 ALTER TABLE `sub_module_pages` DISABLE KEYS */;
INSERT INTO `sub_module_pages` VALUES (2,1,'Introducción a los Prejuicios','','https://youtu.be/Y39Ye-Joc8o',NULL,'','/img_modules/2021-08-0222:10:48+0000_1-IntroducciónalosPrejuicios.jpg','2021-08-02 22:10:48.194412','2021-08-04 14:58:35.919542'),(3,1,'Relatos y Testimonios ','En esta sección encontrará diferentes relatos y testimonios que dan cuenta de cómo los prejuicios afectan la vida de las personas. Por un lado, casos en donde una situación particular pone en evidencia un prejuicio que se tiene sobre alguien y por otro, algunas de las implicaciones que tiene ser receptor de un prejuicio.\r\n\r\n    • Sanvicentino (foto mural)\r\n    • El en-canto de Sol  ','',NULL,'','/img_modules/2021-08-0222:15:57+0000_2-RelatosyTestimonios(fotosSanVicente).jpg','2021-08-02 22:15:57.305480','2021-08-04 16:58:35.140990'),(4,1,'Ejercicio práctico: Garabateo','En esta  actividad usted podrá identificar los prejuicios que tiene, así como las emociones y comportamientos asociados a estos. Este puede ser un primer paso para explorar los prejuicios desde un lenguaje no verbal y encontrar oportunidades para su transformación.  \r\n\r\n    • Video de garabateo \r\n    • Audio ejercicio ','',NULL,'','/img_modules/2021-08-0222:28:43+0000_3-Ejerciciopráctico_Garabateo.jpg','2021-08-02 22:28:43.432458','2021-08-04 16:58:43.656736'),(5,1,'¿En qué se diferencian los estereotipos de los prejuicios?','¿En qué se diferencian los estereotipos de los prejuicios?','',NULL,'<p style=\"text-align:left\">Texto</p>\r\n','/img_modules/2021-08-0222:31:28+0000_4-¿Enquésediferencianlosestereotiposdelosprejuicios_.jpg','2021-08-02 22:31:28.215067','2021-08-02 22:31:28.215067'),(6,1,'Práctica de humanidad compartida','En este audio podrá encontrar una meditación de 5 minutos para cultivar sentimientos de compasión y humanidad compartida en el relacionamiento con otros. Este tipo de prácticas se basan en  la siguiente premisa: todas las personas queremos ser felices y estar libres del sufrimiento. \r\n\r\n    • Audio ejercicio ','https://soundcloud.com/lorena-valero-492844439/auto-observacion',NULL,'','/img_modules/2021-08-0222:33:56+0000_5-Prácticadehumanidadcompartida_.jpg','2021-08-02 22:33:56.695884','2021-08-04 16:58:25.085834'),(7,1,'Otros referentes para seguir explorando ','En esta sección encontrará otros referentes y contenidos ya existentes relacionados con los prejuicios, que le permitirán profundizar y seguir explorando en la identificación y concientización de todo aquello que tiene que ver con los prejuicios.\r\n\r\n    • Lista de referentes','',NULL,'','/img_modules/2021-08-0222:36:22+0000_6-Otrosreferentesparaseguirexplorando.jpg','2021-08-02 22:36:22.070700','2021-08-04 16:58:12.156033'),(8,2,'Introducción a la regulación de las emociones','Video animado','https://youtu.be/Y39Ye-Joc8o 	',NULL,'','/img_modules/2021-08-0315:36:46+0000_8-Identificacióndelasemociones.jpg','2021-08-03 15:36:46.479327','2021-08-04 14:59:08.221894'),(9,2,'Identificación de las emociones','Texto','',NULL,'','/img_modules/2021-08-0315:38:17+0000_8-Identificacióndelasemociones.jpg','2021-08-03 15:38:17.705694','2021-08-03 15:38:17.705694'),(10,2,'Cadena de pensamientos negativos','Cadena de pensamientos negativos','',NULL,'<ul>\r\n	<li>\r\n	<p style=\"text-align:left\">Texto</p>\r\n	</li>\r\n</ul>\r\n','/img_modules/2021-08-0315:39:01+0000_9-Cadenadepensamientosnegativos.jpg','2021-08-03 15:39:01.189053','2021-08-03 15:39:01.189053'),(11,2,'Ejercicio de auto-observación ','En este audio encontrará un ejercicio de 5 minutos para conectar con usted misma/o y observar cómo se encuentra a nivel físico, emocional y mental. Esto le permitirá conectar con el momento presente, mejorar su calidad de atención y de escucha interna.\r\n\r\n    • Audio','https://soundcloud.com/lorena-valero-492844439/humanidad-compartida-1',NULL,'','/img_modules/2021-08-0315:41:33+0000_10-Ejerciciodeauto-observación_.jpg','2021-08-03 15:41:33.888930','2021-08-04 16:59:00.422673'),(12,2,'Exploración con materiales de arte ','Este ejercicio es una invitación para explorar el bordado y/o el dibujo como herramientas para gestionar emociones difíciles como la ansiedad, la preocupación o el nerviosismo. Es una oportunidad para conectarse con el momento presente y descubrir posibles efectos de la repetición.\r\n\r\n    • Texto con descripción del ejercicio e imágenes','',NULL,'','/img_modules/2021-08-0315:43:39+0000_11-Exploraciónconmaterialesdearte.jpg','2021-08-03 15:43:39.053944','2021-08-04 16:59:12.107918'),(13,2,'Ejercicio corporal para soltar y liberar tensiones innecesarias ','En este video encontrará una secuencia de movimientos que le permitirán soltar y liberar emociones o pensamientos que estén siendo difíciles de acoger o que le estén generando algún malestar. Este tipo de ejercicios le permiten desbloquear las tensiones en su cuerpo y sentirse renovado.\r\n\r\n    • Video ','https://youtu.be/Y39Ye-Joc8o',NULL,'','/img_modules/2021-08-0315:45:56+0000_12-Ejerciciocorporalparasoltaryliberartensionesinnecesarias.jpg','2021-08-03 15:45:56.412986','2021-08-04 16:59:21.319214'),(14,2,'Ejercicio corporal para aquietar su mente y sus emociones ','En este video encontrará un ejercicio que le permitirá conectar con su interior, sus sensaciones corporales, su respiración y aquietar su mente y sus emociones a través del movimiento y el potencial de la visualización. \r\n\r\n    • Video ','https://youtu.be/Y39Ye-Joc8o',NULL,'','/img_modules/2021-08-0315:47:31+0000_13-Ejerciciocorporalparaaquietarsumenteysusemociones_.jpg','2021-08-03 15:47:31.441440','2021-08-04 16:59:31.617472'),(15,2,'Otros referentes para seguir explorando ','En esta sección encontrará otros referentes y contenidos ya existentes relacionados con las emociones, que le permitirán profundizar y seguir explorando en la identificación y regulación emocional.\r\n\r\n    • Lista de referentes','',NULL,'','/img_modules/2021-08-0315:49:15+0000_6-Otrosreferentesparaseguirexplorando.jpg','2021-08-03 15:49:15.301732','2021-08-04 16:59:42.618042'),(16,3,'Introducción','Introducción','',NULL,'<ul>\r\n	<li>\r\n	<p style=\"text-align:justify\"><strong>Texto</strong></p>\r\n	</li>\r\n</ul>\r\n','/img_modules/2021-08-0315:50:01+0000_14-Introducción.jpg','2021-08-03 15:50:01.312473','2021-08-03 15:50:01.312473'),(17,3,'Sincronización del movimiento con la respiración','Este ejercicio tiene como fin regular su organismo, aquietar internamente sus emociones y su mente. Asimismo, conectar con la vitalidad, la fuerza y el gozo de moverse fluidamente.\r\n\r\n    • Video','https://youtu.be/Y39Ye-Joc8o',NULL,'','/img_modules/2021-08-0315:50:25+0000_15-Sincronizacióndelmovimientoconlarespiración.jpg','2021-08-03 15:50:25.796137','2021-08-04 17:00:08.652357'),(18,3,'Ejercicio corporal para soltar y liberar tensiones innecesarias','En este video encontrará una secuencia de movimientos que le permitirán soltar y liberar emociones o pensamientos que estén siendo difíciles de acoger o que le estén generando algún malestar. Este tipo de ejercicios le permiten desbloquear las tensiones en su cuerpo y sentirse renovado.\r\n\r\n    • Video \r\n','https://youtu.be/Y39Ye-Joc8o',NULL,'','/img_modules/2021-08-0315:50:57+0000_12-Ejerciciocorporalparasoltaryliberartensionesinnecesarias.jpg','2021-08-03 15:50:57.915116','2021-08-04 17:00:16.496360'),(19,3,'Ejercicio corporal para aquietar su mente y sus emociones','En este video encontrará un ejercicio que le permitirá conectar con su interior, sus sensaciones corporales, su respiración y aquietar su mente y sus emociones a través del movimiento y el potencial de la visualización. \r\n\r\n    • Video ','https://youtu.be/Y39Ye-Joc8o',NULL,'<p style=\"text-align:justify\">&nbsp;</p>\r\n\r\n<p style=\"text-align:justify\">&nbsp;</p>\r\n','/img_modules/2021-08-0315:51:23+0000_13-Ejerciciocorporalparaaquietarsumenteysusemociones_.jpg','2021-08-03 15:51:23.406762','2021-08-04 17:00:24.510280');
/*!40000 ALTER TABLE `sub_module_pages` ENABLE KEYS */;
UNLOCK TABLES;

--
-- Table structure for table `user_admins`
--

DROP TABLE IF EXISTS `user_admins`;
/*!40101 SET @saved_cs_client     = @@character_set_client */;
/*!40101 SET character_set_client = utf8 */;
CREATE TABLE `user_admins` (
  `id` bigint NOT NULL AUTO_INCREMENT,
  `name` varchar(255) DEFAULT NULL,
  `password` varchar(255) DEFAULT NULL,
  `created_at` datetime(6) NOT NULL,
  `updated_at` datetime(6) NOT NULL,
  PRIMARY KEY (`id`)
) ENGINE=InnoDB AUTO_INCREMENT=2 DEFAULT CHARSET=utf8mb4;
/*!40101 SET character_set_client = @saved_cs_client */;

--
-- Dumping data for table `user_admins`
--

LOCK TABLES `user_admins` WRITE;
/*!40000 ALTER TABLE `user_admins` DISABLE KEYS */;
INSERT INTO `user_admins` VALUES (1,'admin','105072d0f811b7f114b3eb1caec082cc69aa7cde14640372e0fe233dcd6cdc9d','2021-07-15 14:19:27.285713','2021-08-02 20:11:59.424435');
/*!40000 ALTER TABLE `user_admins` ENABLE KEYS */;
UNLOCK TABLES;

--
-- Table structure for table `users`
--

DROP TABLE IF EXISTS `users`;
/*!40101 SET @saved_cs_client     = @@character_set_client */;
/*!40101 SET character_set_client = utf8 */;
CREATE TABLE `users` (
  `id` bigint NOT NULL AUTO_INCREMENT,
  `user_name` varchar(255) DEFAULT NULL,
  `password` varchar(255) DEFAULT NULL,
  `email` varchar(255) DEFAULT NULL,
  `age` varchar(255) DEFAULT NULL,
  `gender_id` bigint NOT NULL,
  `current_location` tinyint(1) DEFAULT NULL,
  `city_id` bigint DEFAULT NULL,
  `receive_info` tinyint(1) DEFAULT NULL,
  `recovery_password` varchar(255) DEFAULT NULL,
  `created_at` datetime(6) NOT NULL,
  `updated_at` datetime(6) NOT NULL,
  PRIMARY KEY (`id`),
  KEY `index_users_on_gender_id` (`gender_id`),
  KEY `index_users_on_city_id` (`city_id`),
  CONSTRAINT `fk_rails_47055e3204` FOREIGN KEY (`gender_id`) REFERENCES `genders` (`id`),
  CONSTRAINT `fk_rails_9c7442481a` FOREIGN KEY (`city_id`) REFERENCES `cities` (`id`)
) ENGINE=InnoDB AUTO_INCREMENT=16 DEFAULT CHARSET=utf8mb4;
/*!40101 SET character_set_client = @saved_cs_client */;

--
-- Dumping data for table `users`
--

LOCK TABLES `users` WRITE;
/*!40000 ALTER TABLE `users` DISABLE KEYS */;
INSERT INTO `users` VALUES (1,'alex','a665a45920422f9d417e4867efdc4fb8a04a1f3fff1fa07e998e86f7f7a27ae3','ALEXANDER.OSPINA39@GMAIL.COM','32',2,1,167,NULL,NULL,'2021-08-02 20:58:13.290559','2021-08-02 20:58:13.290559'),(2,'Johnjejen','370420e335f7a4d2ead6879991641792d5bdcde2db5d4fae3d976c2133732cda','john.jejen@cincoveinticinco.com','32',2,1,575,NULL,NULL,'2021-08-02 22:03:43.881298','2021-08-02 22:03:43.881298'),(3,'Carlos','03ac674216f3e15c761ee1a5e255f067953623c8b388b4459e13f978d7c846f4','carlos.v@525.com.co','28',2,1,136,NULL,NULL,'2021-08-03 15:11:53.096613','2021-08-03 15:11:53.096613'),(5,'Andres','03ac674216f3e15c761ee1a5e255f067953623c8b388b4459e13f978d7c846f4','carlos.v@cincoveinticinco.com','19',2,1,11,NULL,NULL,'2021-08-03 23:18:18.103362','2021-08-03 23:18:18.103362'),(7,'sysadmin','03ac674216f3e15c761ee1a5e255f067953623c8b388b4459e13f978d7c846f4','tcarlosvargas@gmail.com','20',2,1,187,NULL,NULL,'2021-08-03 23:39:23.264554','2021-08-03 23:39:23.264554'),(11,'pepito','a665a45920422f9d417e4867efdc4fb8a04a1f3fff1fa07e998e86f7f7a27ae3','johnkjjkjj@gmail.com','32',2,1,167,NULL,NULL,'2021-08-04 14:12:17.165046','2021-08-04 14:12:17.165046'),(13,'CC','03ac674216f3e15c761ee1a5e255f067953623c8b388b4459e13f978d7c846f4','carolina@cincoveinticinco.com','18',1,1,14,NULL,NULL,'2021-08-04 14:43:33.875566','2021-08-04 14:43:33.875566'),(15,'Carolina ','96cae35ce8a9b0244178bf28e4966c2ce1b8385723a96a6b838858cdd6ca0a1e','CAROLINA.M@CINCOVEINTICINCO.COM','26',1,1,167,NULL,NULL,'2021-08-04 16:48:24.393479','2021-08-04 16:48:24.393479');
/*!40000 ALTER TABLE `users` ENABLE KEYS */;
UNLOCK TABLES;
SET @@SESSION.SQL_LOG_BIN = @MYSQLDUMP_TEMP_LOG_BIN;
/*!40103 SET TIME_ZONE=@OLD_TIME_ZONE */;

/*!40101 SET SQL_MODE=@OLD_SQL_MODE */;
/*!40014 SET FOREIGN_KEY_CHECKS=@OLD_FOREIGN_KEY_CHECKS */;
/*!40014 SET UNIQUE_CHECKS=@OLD_UNIQUE_CHECKS */;
/*!40101 SET CHARACTER_SET_CLIENT=@OLD_CHARACTER_SET_CLIENT */;
/*!40101 SET CHARACTER_SET_RESULTS=@OLD_CHARACTER_SET_RESULTS */;
/*!40101 SET COLLATION_CONNECTION=@OLD_COLLATION_CONNECTION */;
/*!40111 SET SQL_NOTES=@OLD_SQL_NOTES */;

-- Dump completed on 2021-08-04 17:38:28
